Christian McCaffrey *+,CAR,23,RB,16,16,142,116,1005,8.7,4,58,28,7.3,62.8,81.7%,7.1,287,1387,15,57,84,4.8,86.7,17.9,403,5.9,2392,19,1
Ezekiel Elliott*,DAL,24,RB,16,16,71,54,420,7.8,2,21,27,3.4,26.3,76.1%,5.9,301,1357,12,78,33,4.5,84.8,18.8,355,5.0,1777,14,3
Nick Chubb*,CLE,24,RB,16,16,49,36,278,7.7,0,13,32,2.3,17.4,73.5%,5.7,298,1494,8,62,88,5.0,93.4,18.6,334,5.3,1772,8,3
Derrick Henry *,TEN,25,RB,15,15,24,18,206,11.4,2,4,75,1.2,13.7,75.0%,8.6,303,1540,16,73,74,5.1,102.7,20.2,321,5.4,1746,18,5
Michael Thomas*+,NOR,26,WR,16,15,185,149,1725,11.6,9,91,49,9.3,107.8,80.5%,9.3,1,-9,0,0,-9,-9.0,-0.6,0.1,150,11.4,1716,9,1
Leonard Fournette ,JAX,24,RB,15,15,100,76,522,6.9,0,23,27,5.1,34.8,76.0%,5.2,265,1152,3,55,81,4.3,76.8,17.7,341,4.9,1674,3,1
Dalvin Cook*,MIN,24,RB,14,14,63,53,519,9.8,0,26,31,3.8,37.1,84.1%,8.2,250,1135,13,60,75,4.5,81.1,17.9,303,5.5,1654,13,4
Aaron Jones,GNB,25,RB,16,16,68,49,474,9.7,3,18,67,3.1,29.6,72.1%,7.0,236,1084,16,55,56,4.6,67.8,14.8,285,5.5,1558,19,3
Austin Ekeler,LAC,24,rb,16,8,108,92,993,10.8,8,42,84,5.8,62.1,85.2%,9.2,132,557,3,32,35,4.2,34.8,8.3,224,6.9,1550,11,3
Chris Carson,SEA,25,RB,15,15,47,37,266,7.2,2,10,21,2.5,17.7,78.7%,5.7,278,1230,7,75,59,4.4,82.0,18.5,315,4.7,1496,9,7
Saquon Barkley,NYG,22,RB,13,13,73,52,438,8.4,2,14,65,4.0,33.7,71.2%,6.0,217,1003,6,45,68,4.6,77.2,16.7,269,5.4,1441,8,1
Joe Mixon,CIN,23,RB,16,15,45,35,287,8.2,3,14,33,2.2,17.9,77.8%,6.4,278,1137,5,56,41,4.1,71.1,17.4,313,4.5,1424,8,0
Julio Jones *,ATL,30,WR,15,15,157,99,1394,14.1,6,77,54,6.6,92.9,63.1%,8.9,2,-3,0,0,1,-1.5,-0.2,0.1,101,13.8,1391,6,1
Chris Godwin*,TAM,23,WR,14,14,121,86,1333,15.5,9,63,71,6.1,95.2,71.1%,11.0,1,8,0,0,8,8.0,0.6,0.1,87,15.4,1341,9,0
Alvin Kamara*,NOR,24,RB,14,9,97,81,533,6.6,1,28,41,5.8,38.1,83.5%,5.5,171,797,5,32,40,4.7,56.9,12.2,252,5.3,1330,6,4
Miles Sanders ,PHI,22,RB,16,11,63,50,509,10.2,3,19,45,3.1,31.8,79.4%,8.1,179,818,3,30,65,4.6,51.1,11.2,229,5.8,1327,6,2
Josh Jacobs,OAK,21,RB,13,13,27,20,166,8.3,0,8,28,1.5,12.8,74.1%,6.1,242,1150,7,53,51,4.8,88.5,18.6,262,5.0,1316,7,1
Mark Ingram*,BAL,30,RB,15,15,29,26,247,9.5,5,16,25,1.7,16.5,89.7%,8.5,202,1018,10,53,53,5.0,67.9,13.5,228,5.5,1265,15,2
Le'Veon Bell,NYJ,27,RB,15,15,78,66,461,7.0,1,20,23,4.4,30.7,84.6%,5.9,245,789,3,36,19,3.2,52.6,16.3,311,4.0,1250,4,1
Robert Woods,LAR,27,WR,15,15,139,90,1134,12.6,2,54,48,6.0,75.6,64.7%,8.2,17,115,1,5,20,6.8,7.7,1.1,107,11.7,1249,3,0
Travis Kelce*,KAN,30,TE,16,16,136,97,1229,12.7,5,65,47,6.1,76.8,71.3%,9.0,1,4,1,1,4,4.0,0.3,0.1,98,12.6,1233,6,1
Keenan Allen*,LAC,27,WR,16,16,149,104,1199,11.5,6,63,45,6.5,74.9,69.8%,8.0,3,16,0,1,18,5.3,1.0,0.2,107,11.4,1215,6,0
D.J. Moore,CAR,22,WR,15,15,135,87,1175,13.5,4,63,52,5.8,78.3,64.4%,8.7,6,40,0,3,13,6.7,2.7,0.4,93,13.1,1215,4,2
Phillip Lindsay,DEN,25,RB,16,16,48,35,196,5.6,0,9,36,2.2,12.3,72.9%,4.1,224,1011,7,38,40,4.5,63.2,14.0,259,4.7,1207,7,0
Lamar Jackson*+,BAL,22,QB,15,15,0,0,0,,0,0,0,0.0,0.0,0.0%,,176,1206,7,71,47,6.9,80.4,11.7,176,6.9,1206,7,9
DeVante Parker,MIA,26,WR,16,14,128,72,1202,16.7,9,58,51,4.5,75.1,56.3%,9.4,,,,0,,,,,72,16.7,1202,9,0
Amari Cooper*,DAL,25,WR,16,16,119,79,1189,15.1,8,54,53,4.9,74.3,66.4%,10.0,1,6,0,0,6,6.0,0.4,0.1,80,14.9,1195,8,0
Stefon Diggs,MIN,26,WR,15,15,94,63,1130,17.9,6,41,66,4.2,75.3,67.0%,12.0,5,61,0,3,27,12.2,4.1,0.3,68,17.5,1191,6,4
Kenny Golladay*,DET,26,WR,16,16,116,65,1190,18.3,11,52,75,4.1,74.4,56.0%,10.3,,,,0,,,,,65,18.3,1190,11,1
Jarvis Landry*,CLE,27,WR,16,16,138,83,1174,14.1,6,55,65,5.2,73.4,60.1%,8.5,1,10,0,1,10,10.0,0.6,0.1,84,14.1,1184,6,0
DeAndre Hopkins*+,HOU,27,WR,15,15,150,104,1165,11.2,7,68,43,6.9,77.7,69.3%,7.8,2,18,0,2,12,9.0,1.2,0.1,106,11.2,1183,7,0
Marlon Mack,IND,23,RB,14,12,17,14,82,5.9,0,2,14,1.0,5.9,82.4%,4.8,247,1091,8,67,63,4.4,77.9,17.6,261,4.5,1173,8,0
Cooper Kupp,LAR,26,WR,16,14,134,94,1161,12.4,10,51,66,5.9,72.6,70.1%,8.7,2,4,0,0,6,2.0,0.3,0.1,96,12.1,1165,10,3
Kenyan Drake,2TM,25,,14,10,68,50,345,6.9,0,15,26,3.6,24.6,73.5%,5.1,170,817,8,48,80,4.8,58.4,12.1,220,5.3,1162,8,2
Mike Evans*,TAM,26,WR,13,13,118,67,1157,17.3,8,54,67,5.2,89.0,56.8%,9.8,,,,0,,,,,67,17.3,1157,8,0
Darren Waller,OAK,27,TE,16,16,117,90,1145,12.7,3,53,75,5.6,71.6,76.9%,9.8,2,5,0,0,7,2.5,0.3,0.1,92,12.5,1150,3,1
Allen Robinson,CHI,26,WR,16,15,154,98,1147,11.7,7,63,49,6.1,71.7,63.6%,7.4,1,2,0,0,2,2.0,0.1,0.1,99,11.6,1149,7,0
Julian Edelman,NWE,33,WR,16,13,153,100,1117,11.2,6,54,44,6.3,69.8,65.4%,7.3,8,27,0,2,9,3.4,1.7,0.5,108,10.6,1144,6,3
Courtland Sutton*,DEN,24,WR,16,14,124,72,1112,15.4,6,50,70,4.5,69.5,58.1%,9.0,3,17,0,1,9,5.7,1.1,0.2,75,15.1,1129,6,2
Carlos Hyde,HOU,29,RB,16,14,16,10,42,4.2,0,2,14,0.6,2.6,62.5%,2.6,245,1070,6,55,58,4.4,66.9,15.3,255,4.4,1112,6,4
A.J. Brown,TEN,22,WR,16,11,84,52,1051,20.2,8,39,91,3.3,65.7,61.9%,12.5,3,60,1,2,49,20.0,3.8,0.2,55,20.2,1111,9,1
Michael Gallup,DAL,23,WR,14,12,113,66,1107,16.8,6,50,62,4.7,79.1,58.4%,9.8,,,,0,,,,,66,16.8,1107,6,0
George Kittle*+,SFO,26,TE,14,14,107,85,1053,12.4,5,53,61,6.1,75.2,79.4%,9.8,5,22,0,1,18,4.4,1.6,0.4,90,11.9,1075,5,1
David Montgomery,CHI,22,rb,16,8,35,25,185,7.4,1,7,30,1.6,11.6,71.4%,5.3,242,889,6,50,55,3.7,55.6,15.1,267,4.0,1074,7,2
Tyler Boyd,CIN,25,WR,16,15,148,90,1046,11.6,5,51,47,5.6,65.4,60.8%,7.1,4,23,0,1,10,5.8,1.4,0.3,94,11.4,1069,5,2
John Brown,BUF,29,WR,15,15,115,72,1060,14.7,6,53,53,4.8,70.7,62.6%,9.2,2,7,0,0,4,3.5,0.5,0.1,74,14.4,1067,6,0
Devonta Freeman ,ATL,27,RB,14,14,70,59,410,6.9,4,17,28,4.2,29.3,84.3%,5.9,184,656,2,31,28,3.6,46.9,13.1,243,4.4,1066,6,3
Todd Gurley,LAR,25,RB,15,15,49,31,207,6.7,2,8,23,2.1,13.8,63.3%,4.2,223,857,12,51,25,3.8,57.1,14.9,254,4.2,1064,14,3
Tyler Lockett,SEA,27,WR,16,16,110,82,1057,12.9,8,53,44,5.1,66.1,74.5%,9.6,4,-5,0,0,3,-1.3,-0.3,0.3,86,12.2,1052,8,1
Odell Beckham Jr.,CLE,27,WR,16,15,133,74,1035,14.0,4,44,89,4.6,64.7,55.6%,7.8,3,10,0,1,11,3.3,0.6,0.2,77,13.6,1045,4,1
Adrian Peterson,WAS,34,RB,15,15,23,17,142,8.4,0,7,22,1.1,9.5,73.9%,6.2,211,898,5,41,32,4.3,59.9,14.1,228,4.6,1040,5,3
Ronald Jones II,TAM,22,RB,16,9,40,31,309,10.0,0,12,41,1.9,19.3,77.5%,7.7,172,724,6,34,49,4.2,45.3,10.8,203,5.1,1033,6,3
DJ Chark*,JAX,23,WR,15,14,118,73,1008,13.8,8,42,69,4.9,67.2,61.9%,8.5,2,20,0,1,20,10.0,1.3,0.1,75,13.7,1028,8,0
Sony Michel,NWE,24,RB,16,14,20,12,94,7.8,0,7,19,0.8,5.9,60.0%,4.7,247,912,7,55,26,3.7,57.0,15.4,259,3.9,1006,7,2
Mike Williams ,LAC,25,WR,15,15,90,49,1001,20.4,2,41,56,3.3,66.7,54.4%,11.1,1,2,0,0,2,2.0,0.1,0.1,50,20.1,1003,2,0
Davante Adams*,GNB,27,WR,12,12,127,83,997,12.0,5,54,58,6.9,83.1,65.4%,7.9,,,,0,,,,,83,12.0,997,5,2
Devin Singletary,BUF,22,RB,12,8,41,29,194,6.7,2,5,49,2.4,16.2,70.7%,4.7,151,775,2,37,38,5.1,64.6,12.6,180,5.4,969,4,4
Deebo Samuel,SFO,23,WR,15,11,81,57,802,14.1,3,32,42,3.8,53.5,70.4%,9.9,14,159,3,5,31,11.4,10.6,0.9,71,13.5,961,6,2
Raheem Mostert,SFO,27,,16,0,22,14,180,12.9,2,6,39,0.9,11.3,63.6%,8.2,137,772,8,31,41,5.6,48.3,8.6,151,6.3,952,10,2
Terry McLaurin ,WAS,24,WR,14,14,93,58,919,15.8,7,43,75,4.1,65.6,62.4%,9.9,,,,0,,,,,58,15.8,919,7,0
Zach Ertz*,PHI,29,TE,15,15,135,88,916,10.4,6,50,30,5.9,61.1,65.2%,6.8,,,,0,,,,,88,10.4,916,6,1
D.K. Metcalf,SEA,22,WR,16,15,100,58,900,15.5,7,39,54,3.6,56.3,58.0%,9.0,2,11,0,0,7,5.5,0.7,0.1,60,15.2,911,7,3
Melvin Gordon,LAC,26,RB,12,11,55,42,296,7.0,1,11,25,3.5,24.7,76.4%,5.4,162,612,8,39,24,3.8,51.0,13.5,204,4.5,908,9,4
James White ,NWE,27,,15,1,95,72,645,9.0,5,31,59,4.8,43.0,75.8%,6.8,67,263,1,15,32,3.9,17.5,4.5,139,6.5,908,6,1
Calvin Ridley,ATL,25,WR,13,10,93,63,866,13.7,7,47,36,4.8,66.6,67.7%,9.3,2,34,0,2,19,17.0,2.6,0.2,65,13.8,900,7,0
Tyreek Hill*,KAN,25,WR,12,12,89,58,860,14.8,7,39,57,4.8,71.7,65.2%,9.7,8,23,0,1,5,2.9,1.9,0.7,66,13.4,883,7,0
Latavius Murray,NOR,29,rb,16,8,43,34,235,6.9,1,9,30,2.1,14.7,79.1%,5.5,146,637,5,38,30,4.4,39.8,9.1,180,4.8,872,6,0
Emmanuel Sanders ,2TM,32,,17,16,97,66,869,13.2,5,41,75,3.9,51.1,68.0%,9.0,,,,0,,,,,66,13.2,869,5,0
Mark Andrews*,BAL,23,,15,4,98,64,852,13.3,10,44,51,4.3,56.8,65.3%,8.7,,,,0,,,,,64,13.3,852,10,2
Randall Cobb,DAL,29,wr,15,6,83,55,828,15.1,3,41,59,3.7,55.2,66.3%,10.0,3,11,0,0,7,3.7,0.7,0.2,58,14.5,839,3,2
Jamison Crowder,NYJ,26,WR,16,12,122,78,833,10.7,6,41,41,4.9,52.1,63.9%,6.8,1,4,0,0,4,4.0,0.3,0.1,79,10.6,837,6,0
Duke Johnson,HOU,26,,16,2,62,44,410,9.3,3,18,21,2.8,25.6,71.0%,6.6,83,410,2,17,40,4.9,25.6,5.2,127,6.5,820,5,1
Larry Fitzgerald,ARI,36,WR,16,16,109,75,804,10.7,4,40,54,4.7,50.3,68.8%,7.4,,,,0,,,,,75,10.7,804,4,1
Christian Kirk,ARI,23,WR,13,13,108,68,709,10.4,3,31,69,5.2,54.5,63.0%,6.6,10,93,0,4,28,9.3,7.2,0.8,78,10.3,802,3,0
Austin Hooper*,ATL,25,TE,13,10,97,75,787,10.5,6,41,35,5.8,60.5,77.3%,8.1,,,,0,,,,,75,10.5,787,6,0
Robby Anderson,NYJ,26,WR,16,15,96,52,779,15.0,5,35,92,3.3,48.7,54.2%,8.1,1,4,0,0,4,4.0,0.3,0.1,53,14.8,783,5,1
Marvin Jones ,DET,29,WR,13,11,91,62,779,12.6,9,41,47,4.8,59.9,68.1%,8.6,2,0,0,0,4,0.0,0.0,0.2,64,12.2,779,9,0
Cole Beasley,BUF,30,WR,15,10,106,67,778,11.6,6,37,51,4.5,51.9,63.2%,7.3,,,,0,,,,,67,11.6,778,6,0
Chris Conley,JAX,27,WR,16,14,90,47,775,16.5,5,36,70,2.9,48.4,52.2%,8.6,,,,0,,,,,47,16.5,775,5,0
Curtis Samuel ,CAR,23,WR,16,15,105,54,627,11.6,6,36,44,3.4,39.2,51.4%,6.0,19,130,1,7,16,6.8,8.1,1.2,73,10.4,757,7,0
Gus Edwards ,BAL,24,,16,1,7,7,45,6.4,0,2,10,0.4,2.8,100.0%,6.4,133,711,2,46,63,5.3,44.4,8.3,140,5.4,756,2,2
Royce Freeman,DEN,23,,16,0,50,43,256,6.0,1,10,19,2.7,16.0,86.0%,5.1,132,496,3,22,26,3.8,31.0,8.3,175,4.3,752,4,0
Matt Breida,SFO,24,rb,13,5,22,19,120,6.3,1,6,17,1.5,9.2,86.4%,5.5,123,623,1,23,83,5.1,47.9,9.5,142,5.2,743,2,2
Darius Slayton,NYG,22,WR,14,9,84,48,740,15.4,8,32,55,3.4,52.9,57.1%,8.8,,,,0,,,,,48,15.4,740,8,0
James Washington,PIT,23,WR,15,10,80,44,735,16.7,3,31,79,2.9,49.0,55.0%,9.2,,,,0,,,,,44,16.7,735,3,1
Tyler Higbee,LAR,26,TE,15,15,89,69,734,10.6,3,36,33,4.6,48.9,77.5%,8.2,,,,0,,,,,69,10.6,734,3,0
Tevin Coleman,SFO,26,RB,14,11,30,21,180,8.6,1,9,37,1.5,12.9,70.0%,6.0,137,544,6,26,48,4.0,38.9,9.8,158,4.6,724,7,0
Diontae Johnson ,PIT,23,WR,16,12,92,59,680,11.5,5,31,45,3.7,42.5,64.1%,7.4,4,41,0,2,17,10.3,2.6,0.3,63,11.4,721,5,5
James Conner,PIT,24,RB,10,10,38,34,251,7.4,3,14,26,3.4,25.1,89.5%,6.6,116,464,4,26,25,4.0,46.4,11.6,150,4.8,715,7,1
David Johnson,ARI,28,rb,13,9,47,36,370,10.3,4,17,31,2.8,28.5,76.6%,7.9,94,345,2,20,18,3.7,26.5,7.2,130,5.5,715,6,1
Jamaal Williams,GNB,24,,14,2,45,39,253,6.5,5,16,17,2.8,18.1,86.7%,5.6,107,460,1,23,45,4.3,32.9,7.6,146,4.9,713,6,0
Damien Williams ,KAN,27,rb,11,6,37,30,213,7.1,2,10,32,2.7,19.4,81.1%,5.8,111,498,5,22,91,4.5,45.3,10.1,141,5.0,711,7,1
Jared Cook*,NOR,32,te,14,7,65,43,705,16.4,9,32,61,3.1,50.4,66.2%,10.8,,,,0,,,,,43,16.4,705,9,0
Frank Gore,BUF,36,rb,16,8,16,13,100,7.7,0,5,18,0.8,6.3,81.3%,6.3,166,599,2,30,41,3.6,37.4,10.4,179,3.9,699,2,0
Golden Tate,NYG,31,WR,11,10,85,49,676,13.8,6,30,64,4.5,61.5,57.6%,8.0,1,16,0,1,16,16.0,1.5,0.1,50,13.8,692,6,1
Dede Westbrook,JAX,26,WR,15,11,101,66,660,10.0,3,31,39,4.4,44.0,65.3%,6.5,5,27,0,0,8,5.4,1.8,0.3,71,9.7,687,3,1
Sammy Watkins,KAN,26,WR,14,13,90,52,673,12.9,3,30,68,3.7,48.1,57.8%,7.5,2,12,0,1,11,6.0,0.9,0.1,54,12.7,685,3,2
DeAndre Washington,OAK,26,,16,3,41,36,292,8.1,0,10,28,2.3,18.3,87.8%,7.1,108,387,3,23,36,3.6,24.2,6.8,144,4.7,679,3,0
Danny Amendola,DET,34,WR,15,10,97,62,678,10.9,1,36,47,4.1,45.2,63.9%,7.0,,,,0,,,,,62,10.9,678,1,0
Will Fuller,HOU,25,WR,11,11,71,49,670,13.7,3,26,54,4.5,60.9,69.0%,9.4,,,,0,,,,,49,13.7,670,3,1
Tarik Cohen,CHI,24,RB,16,11,104,79,456,5.8,3,18,31,4.9,28.5,76.0%,4.4,64,213,0,15,19,3.3,13.3,4.0,143,4.7,669,3,3
Breshad Perriman,TAM,26,,14,4,69,36,645,17.9,6,29,44,2.6,46.1,52.2%,9.3,2,16,0,1,13,8.0,1.1,0.1,38,17.4,661,6,0
Anthony Miller,CHI,25,WR,16,7,85,52,656,12.6,2,34,35,3.3,41.0,61.2%,7.7,1,-1,0,0,-1,-1.0,-0.1,0.1,53,12.4,655,2,1
Hunter Henry ,LAC,25,TE,12,12,76,55,652,11.9,5,36,30,4.6,54.3,72.4%,8.6,,,,0,,,,,55,11.9,652,5,1
Tyrell Williams,OAK,27,WR,14,12,64,42,651,15.5,6,33,46,3.0,46.5,65.6%,10.2,,,,0,,,,,42,15.5,651,6,0
Sterling Shepard,NYG,26,WR,10,10,83,57,576,10.1,3,29,36,5.7,57.6,68.7%,6.9,6,72,0,3,23,12.0,7.2,0.6,63,10.3,648,3,0
LeSean McCoy,KAN,31,RB,13,9,34,28,181,6.5,1,6,23,2.2,13.9,82.4%,5.3,101,465,4,24,39,4.6,35.8,7.8,129,5.0,646,5,3
Brandin Cooks,LAR,26,WR,14,14,72,42,583,13.9,2,32,57,3.0,41.6,58.3%,8.1,6,52,0,3,27,8.7,3.7,0.4,48,13.2,635,2,0
Zach Pascal,IND,25,WR,16,13,72,41,607,14.8,5,29,37,2.6,37.9,56.9%,8.4,2,16,0,1,12,8.0,1.0,0.1,43,14.5,623,5,0
Dallas Goedert,PHI,24,TE,15,9,87,58,607,10.5,5,33,28,3.9,40.5,66.7%,7.0,,,,0,,,,,58,10.5,607,5,2
Hunter Renfrow,OAK,24,,13,4,71,49,605,12.3,4,30,65,3.8,46.5,69.0%,8.5,,,,0,,,,,49,12.3,605,4,1
Corey Davis ,TEN,24,WR,15,11,69,43,601,14.0,2,33,38,2.9,40.1,62.3%,8.7,,,,0,,,,,43,14.0,601,2,1
Greg Olsen,CAR,34,TE,14,14,82,52,597,11.5,2,34,41,3.7,42.6,63.4%,7.3,,,,0,,,,,52,11.5,597,2,0
Jordan Howard,PHI,25,,10,4,14,10,69,6.9,1,3,20,1.0,6.9,71.4%,4.9,119,525,6,28,20,4.4,52.5,11.9,129,4.6,594,7,0
Peyton Barber,TAM,25,rb,16,7,24,16,115,7.2,1,4,16,1.0,7.2,66.7%,4.8,154,470,6,23,17,3.1,29.4,9.6,170,3.4,585,7,1
Marquise Brown ,BAL,22,wr,14,11,71,46,584,12.7,7,24,83,3.3,41.7,64.8%,8.2,,,,0,,,,,46,12.7,584,7,0
Rex Burkhead ,NWE,29,,13,1,38,27,279,10.3,0,10,32,2.1,21.5,71.1%,7.3,65,302,3,18,33,4.6,23.2,5.0,92,6.3,581,3,1
Auden Tate,CIN,22,WR,12,10,80,40,575,14.4,1,29,33,3.3,47.9,50.0%,7.2,,,,0,,,,,40,14.4,575,1,1
Mike Gesicki,MIA,24,te,16,5,89,51,570,11.2,5,25,34,3.2,35.6,57.3%,6.4,,,,0,,,,,51,11.2,570,5,1
Alex Erickson ,CIN,27,wr,16,6,78,43,529,12.3,0,26,52,2.7,33.1,55.1%,6.8,5,33,0,2,17,6.6,2.1,0.3,48,11.7,562,0,4
Tony Pollard,DAL,22,,15,0,20,15,107,7.1,1,4,21,1.0,7.1,75.0%,5.4,86,455,2,21,44,5.3,30.3,5.7,101,5.6,562,3,1
Kenny Stills,HOU,27,wr,13,5,55,40,561,14.0,4,27,45,3.1,43.2,72.7%,10.2,,,,0,,,,,40,14.0,561,4,0
Mecole Hardman*,KAN,21,wr,16,5,41,26,538,20.7,6,18,83,1.6,33.6,63.4%,13.1,4,17,0,1,9,4.3,1.1,0.3,30,18.5,555,6,2
JuJu Smith-Schuster,PIT,23,WR,12,12,70,42,552,13.1,3,23,76,3.5,46.0,60.0%,7.9,,,,0,,,,,42,13.1,552,3,1
Noah Fant,DEN,22,TE,16,11,66,40,562,14.1,3,23,75,2.5,35.1,60.6%,8.5,3,-12,0,0,-2,-4.0,-0.8,0.2,43,12.8,550,3,1
Alexander Mattison,MIN,21,,13,0,12,10,82,8.2,0,3,17,0.8,6.3,83.3%,6.8,100,462,1,19,35,4.6,35.5,7.7,110,4.9,544,1,1
Kyler Murray ,ARI,22,QB,16,16,0,0,0,,0,0,0,0.0,0.0,0.0%,,93,544,4,27,35,5.8,34.0,5.8,93,5.8,544,4,5
Mohamed Sanu,2TM,30,,15,12,89,59,520,8.8,2,30,28,3.9,34.7,66.3%,5.8,3,11,0,1,8,3.7,0.7,0.2,62,8.6,531,2,0
Kerryon Johnson,DET,22,RB,8,7,15,10,127,12.7,1,7,36,1.3,15.9,66.7%,8.5,113,403,3,22,20,3.6,50.4,14.1,123,4.3,530,4,1
Jason Witten,DAL,37,TE,16,16,83,63,529,8.4,4,27,33,3.9,33.1,75.9%,6.4,,,,0,,,,,63,8.4,529,4,1
Nyheim Hines,IND,23,,16,2,58,44,320,7.3,0,15,21,2.8,20.0,75.9%,5.5,52,199,2,16,18,3.8,12.4,3.3,96,5.4,519,2,1
Jonnu Smith,TEN,24,TE,16,14,44,35,439,12.5,3,16,57,2.2,27.4,79.5%,10.0,4,78,0,2,57,19.5,4.9,0.3,39,13.3,517,3,0
Chris Thompson,WAS,29,,11,0,58,42,378,9.0,0,16,39,3.8,34.4,72.4%,6.5,37,138,0,7,16,3.7,12.5,3.4,79,6.5,516,0,1
Josh Allen ,BUF,23,QB,16,16,0,0,0,,0,0,0,0.0,0.0,0.0%,,109,510,9,42,36,4.7,31.9,6.8,109,4.7,510,9,14
John Ross ,CIN,25,WR,8,8,56,28,506,18.1,3,22,66,3.5,63.3,50.0%,9.0,3,4,0,0,5,1.3,0.5,0.4,31,16.5,510,3,1
T.Y. Hilton,IND,30,WR,10,10,68,45,501,11.1,5,24,35,4.5,50.1,66.2%,7.4,,,,0,,,,,45,11.1,501,5,0
Allen Lazard,GNB,24,,16,3,52,35,477,13.6,3,24,43,2.2,29.8,67.3%,9.2,1,21,0,1,21,21.0,1.3,0.1,36,13.8,498,3,0
Alshon Jeffery,PHI,29,WR,10,10,73,43,490,11.4,4,36,38,4.3,49.0,58.9%,6.7,1,2,1,1,2,2.0,0.2,0.1,44,11.2,492,5,0
Jaylen Samuels,PIT,23,,14,4,57,47,305,6.5,1,19,27,3.4,21.8,82.5%,5.4,66,175,1,9,13,2.7,12.5,4.7,113,4.2,480,2,1
Evan Engram ,NYG,25,TE,8,6,68,44,467,10.6,3,23,75,5.5,58.4,64.7%,6.9,3,7,0,0,5,2.3,0.9,0.4,47,10.1,474,3,0
Jalen Richard,OAK,26,,16,0,43,36,323,9.0,0,15,33,2.3,20.2,83.7%,7.5,39,145,0,10,13,3.7,9.1,2.4,75,6.2,468,0,2
Kareem Hunt,CLE,24,,8,3,44,37,285,7.7,1,17,29,4.6,35.6,84.1%,6.5,43,179,2,8,16,4.2,22.4,5.4,80,5.8,464,3,1
Marquez Valdes-Scantling,GNB,25,WR,16,10,56,26,452,17.4,2,14,74,1.6,28.3,46.4%,8.1,2,9,0,0,9,4.5,0.6,0.1,28,16.5,461,2,0
O.J. Howard ,TAM,25,TE,14,14,53,34,459,13.5,1,23,33,2.4,32.8,64.2%,8.7,,,,0,,,,,34,13.5,459,1,1
Russell Gage,ATL,23,,16,4,74,49,446,9.1,1,25,19,3.1,27.9,66.2%,6.0,4,12,0,0,6,3.0,0.8,0.3,53,8.6,458,1,1
Rashaad Penny,SEA,23,,10,0,11,8,83,10.4,1,3,30,0.8,8.3,72.7%,7.5,65,370,3,16,58,5.7,37.0,6.5,73,6.2,453,4,1
Demarcus Robinson,KAN,25,wr,16,10,55,32,449,14.0,4,19,44,2.0,28.1,58.2%,8.2,,,,0,,,,,32,14.0,449,4,0
Boston Scott,PHI,24,,11,2,26,24,204,8.5,0,10,39,2.2,18.5,92.3%,7.8,61,245,5,17,25,4.0,22.3,5.5,85,5.3,449,5,4
Benny Snell Jr.,PIT,21,,13,2,4,3,23,7.7,0,0,14,0.2,1.8,75.0%,5.8,108,426,2,19,23,3.9,32.8,8.3,111,4.0,449,2,1
Jack Doyle*,IND,29,TE,16,16,72,43,448,10.4,4,29,23,2.7,28.0,59.7%,6.2,,,,0,,,,,43,10.4,448,4,1
Jimmy Graham,GNB,33,TE,16,10,60,38,447,11.8,3,23,48,2.4,27.9,63.3%,7.5,,,,0,,,,,38,11.8,447,3,1
Ted Ginn Jr.,NOR,34,WR,16,9,56,30,421,14.0,2,20,45,1.9,26.3,53.6%,7.5,3,18,0,2,12,6.0,1.1,0.2,33,13.3,439,2,0
J.D. McKissic,DET,26,,16,3,42,34,233,6.9,1,7,26,2.1,14.6,81.0%,5.5,38,205,0,8,44,5.4,12.8,2.4,72,6.1,438,1,0
Tyler Eifert,CIN,29,,16,4,63,43,436,10.1,3,24,27,2.7,27.3,68.3%,6.9,,,,0,,,,,43,10.1,436,3,0
Demaryius Thomas,NYJ,32,WR,11,10,58,36,433,12.0,1,22,47,3.3,39.4,62.1%,7.5,,,,0,,,,,36,12.0,433,1,0
Preston Williams,MIA,22,WR,8,7,60,32,428,13.4,3,24,35,4.0,53.5,53.3%,7.1,,,,0,,,,,32,13.4,428,3,2
Josh Gordon,2TM,28,,11,7,47,27,426,15.8,1,16,58,2.5,38.7,57.4%,9.1,1,1,0,0,1,1.0,0.1,0.1,28,15.3,427,1,0
Adam Thielen,MIN,29,WR,10,10,48,30,418,13.9,6,18,44,3.0,41.8,62.5%,8.7,4,6,1,1,3,1.5,0.6,0.4,34,12.5,424,7,0
Deshaun Watson *,HOU,24,QB,15,15,1,1,6,6.0,1,1,6,0.1,0.4,100.0%,6.0,82,413,7,29,30,5.0,27.5,5.5,83,5.0,419,8,10
Jordan Akins,HOU,27,TE,16,9,55,36,418,11.6,2,21,53,2.3,26.1,65.5%,7.6,,,,0,,,,,36,11.6,418,2,0
Phillip Dorsett,NWE,26,,14,4,54,29,397,13.7,5,17,58,2.1,28.4,53.7%,7.4,3,21,0,1,9,7.0,1.5,0.2,32,13.1,418,5,0
Allen Hurns,MIA,28,WR,14,7,47,32,416,13.0,2,18,27,2.3,29.7,68.1%,8.9,,,,0,,,,,32,13.0,416,2,1
Chase Edmonds,ARI,23,,13,2,21,12,105,8.8,1,5,31,0.9,8.1,57.1%,5.0,60,303,4,12,37,5.1,23.3,4.6,72,5.7,408,5,0
Gerald Everett,LAR,25,,13,2,60,37,408,11.0,2,22,33,2.8,31.4,61.7%,6.8,1,0,0,0,0,0.0,0.0,0.1,38,10.7,408,2,0
Giovani Bernard,CIN,28,,16,2,43,30,234,7.8,0,7,35,1.9,14.6,69.8%,5.4,53,170,0,10,25,3.2,10.6,3.3,83,4.9,404,0,2
Dawson Knox,BUF,23,TE,15,11,50,28,388,13.9,2,15,49,1.9,25.9,56.0%,7.8,1,9,0,1,9,9.0,0.6,0.1,29,13.7,397,2,0
Albert Wilson,MIA,27,,13,4,62,43,351,8.2,1,22,35,3.3,27.0,69.4%,5.7,5,45,0,1,28,9.0,3.5,0.4,48,8.3,396,1,0
Steven Sims,WAS,22,,16,2,56,34,310,9.1,4,18,65,2.1,19.4,60.7%,5.5,9,85,1,2,65,9.4,5.3,0.6,43,9.2,395,5,1
Brian Hill,ATL,24,,12,2,14,10,69,6.9,1,4,12,0.8,5.8,71.4%,4.9,78,323,2,19,27,4.1,26.9,6.5,88,4.5,392,3,0
Taysom Hill,NOR,29,wr,16,5,22,19,234,12.3,6,14,45,1.2,14.6,86.4%,10.6,27,156,1,10,30,5.8,9.8,1.7,46,8.5,390,7,0
Ty Johnson,DET,22,,16,1,31,24,109,4.5,0,4,13,1.5,6.8,77.4%,3.5,63,273,0,11,40,4.3,17.1,3.9,87,4.4,382,0,1
Bo Scarbrough,DET,23,rb,6,5,4,1,5,5.0,0,0,5,0.2,0.8,25.0%,1.3,89,377,1,15,30,4.2,62.8,14.8,90,4.2,382,1,1
Eric Ebron,IND,26,,11,2,52,31,375,12.1,3,20,48,2.8,34.1,59.6%,7.2,,,,0,,,,,31,12.1,375,3,0
Adam Humphries,TEN,26,,12,3,47,37,374,10.1,2,20,30,3.1,31.2,78.7%,8.0,1,1,0,0,1,1.0,0.1,0.1,38,9.9,375,2,1
Taylor Gabriel,CHI,28,WR,9,7,48,29,353,12.2,4,17,53,3.2,39.2,60.4%,7.4,3,20,0,1,14,6.7,2.2,0.3,32,11.7,373,4,0
Dion Lewis,TEN,29,,16,1,32,25,164,6.6,1,7,24,1.6,10.3,78.1%,5.1,54,209,0,6,17,3.9,13.1,3.4,79,4.7,373,1,1
Patrick Laird,MIA,24,,15,4,30,23,204,8.9,0,13,21,1.5,13.6,76.7%,6.8,62,168,1,9,18,2.7,11.2,4.1,85,4.4,372,1,0
Nelson Agholor,PHI,26,WR,11,10,69,39,363,9.3,3,17,43,3.5,33.0,56.5%,5.3,2,7,0,1,16,3.5,0.6,0.2,41,9.0,370,3,2
Keelan Cole,JAX,26,,16,1,35,24,361,15.0,3,19,55,1.5,22.6,68.6%,10.3,1,6,0,0,6,6.0,0.4,0.1,25,14.7,367,3,0
T.J. Hockenson ,DET,22,te,12,7,59,32,367,11.5,2,19,39,2.7,30.6,54.2%,6.2,,,,0,,,,,32,11.5,367,2,0
Kyle Rudolph ,MIN,30,TE,16,16,48,39,367,9.4,6,24,32,2.4,22.9,81.3%,7.6,,,,0,,,,,39,9.4,367,6,0
Kelvin Harmon,WAS,23,WR,16,8,44,30,365,12.2,0,16,30,1.9,22.8,68.2%,8.3,,,,0,,,,,30,12.2,365,0,0
Blake Jarwin,DAL,25,te,16,7,41,31,365,11.8,3,17,42,1.9,22.8,75.6%,8.9,,,,0,,,,,31,11.8,365,3,1
Damiere Byrd ,ARI,26,,11,3,46,32,359,11.2,1,16,58,2.9,32.6,69.6%,7.8,,,,0,,,,,32,11.2,359,1,1
Jakobi Meyers,NWE,23,,15,1,41,26,359,13.8,0,17,35,1.7,23.9,63.4%,8.8,,,,0,,,,,26,13.8,359,0,0
Kendrick Bourne,SFO,24,,16,0,44,30,358,11.9,5,23,30,1.9,22.4,68.2%,8.1,,,,0,,,,,30,11.9,358,5,0
Jordan Wilkins,IND,25,,14,1,11,7,43,6.1,0,1,11,0.5,3.1,63.6%,3.9,51,307,2,12,55,6.0,21.9,3.6,58,6.0,350,2,0
Jacob Hollister,SEA,26,,11,3,59,41,349,8.5,3,16,22,3.7,31.7,69.5%,5.9,,,,0,,,,,41,8.5,349,3,0
Hayden Hurst,BAL,26,,16,4,39,30,349,11.6,2,16,61,1.9,21.8,76.9%,8.9,,,,0,,,,,30,11.6,349,2,0
Josh Reynolds,LAR,24,,16,2,43,21,326,15.5,1,15,31,1.3,20.4,48.8%,7.6,5,23,0,2,12,4.6,1.4,0.3,26,13.4,349,1,0
Gardner Minshew II,JAX,23,QB,14,12,0,0,0,,0,0,0,0.0,0.0,0.0%,,67,344,0,20,21,5.1,24.6,4.8,67,5.1,344,0,13
Russell Wilson *,SEA,31,QB,16,16,0,0,0,,0,0,0,0.0,0.0,0.0%,,75,342,3,17,21,4.6,21.4,4.7,75,4.6,342,3,8
Darren Fells,HOU,33,TE,16,14,48,34,341,10.0,7,22,24,2.1,21.3,70.8%,7.1,,,,0,,,,,34,10.0,341,7,0
Willie Snead ,BAL,27,WR,16,11,46,31,339,10.9,5,20,50,1.9,21.2,67.4%,7.4,2,2,0,0,2,1.0,0.1,0.1,33,10.3,341,5,0
Tajae Sharpe,TEN,25,WR,15,6,35,25,329,13.2,4,20,47,1.7,21.9,71.4%,9.4,,,,0,,,,,25,13.2,329,4,0
David Moore,SEA,24,,14,1,34,17,301,17.7,2,14,60,1.2,21.5,50.0%,8.9,3,25,0,1,19,8.3,1.8,0.2,20,16.3,326,2,2
Derrius Guice,WAS,22,,5,1,9,7,79,11.3,1,2,45,1.4,15.8,77.8%,8.8,42,245,2,9,60,5.8,49.0,8.4,49,6.6,324,3,0
Nick Boyle,BAL,26,TE,16,15,43,31,321,10.4,2,13,35,1.9,20.1,72.1%,7.5,,,,0,,,,,31,10.4,321,2,0
Ryan Griffin,NYJ,29,TE,13,13,41,34,320,9.4,5,19,45,2.6,24.6,82.9%,7.8,,,,0,,,,,34,9.4,320,5,0
Cameron Brate,TAM,28,TE,16,6,55,36,311,8.6,4,21,37,2.3,19.4,65.5%,5.7,,,,0,,,,,36,8.6,311,4,0
Irv Smith Jr.,MIN,21,,16,7,47,36,311,8.6,2,17,29,2.3,19.4,76.6%,6.6,,,,0,,,,,36,8.6,311,2,1
Darrel Williams,KAN,24,,12,0,19,15,167,11.1,1,7,52,1.3,13.9,78.9%,8.8,41,141,3,12,41,3.4,11.8,3.4,56,5.5,308,4,1
Isaiah McKenzie,BUF,24,WR,15,8,39,27,254,9.4,1,12,46,1.8,16.9,69.2%,6.5,8,49,0,4,16,6.1,3.3,0.5,35,8.7,303,1,0
Dare Ogunbowale,TAM,25,,16,0,46,35,286,8.2,0,14,21,2.2,17.9,76.1%,6.2,11,17,2,3,12,1.5,1.1,0.7,46,6.6,303,2,2
Olabisi Johnson,MIN,22,,16,6,45,31,294,9.5,3,17,23,1.9,18.4,68.9%,6.5,1,6,0,0,6,6.0,0.4,0.1,32,9.4,300,3,0
Cody Latimer,NYG,27,wr,15,10,42,24,300,12.5,2,19,43,1.6,20.0,57.1%,7.1,,,,0,,,,,24,12.5,300,2,0
DaeSean Hamilton,DEN,24,,16,2,52,28,297,10.6,1,19,28,1.8,18.6,53.8%,5.7,,,,0,,,,,28,10.6,297,1,0
Justice Hill,BAL,22,,16,0,15,8,70,8.8,0,5,14,0.5,4.4,53.3%,4.7,58,225,2,10,18,3.9,14.1,3.6,66,4.5,295,2,0
Geronimo Allison,GNB,25,wr,16,6,55,34,287,8.4,2,16,31,2.1,17.9,61.8%,5.2,1,7,0,0,7,7.0,0.4,0.1,35,8.4,294,2,2
Jonathan Williams,IND,25,,9,1,5,5,59,11.8,0,3,31,0.6,6.6,100.0%,11.8,49,235,1,13,48,4.8,26.1,5.4,54,5.4,294,1,0
Mike Boone,MIN,24,,16,2,4,3,17,5.7,0,0,7,0.2,1.1,75.0%,4.3,49,273,3,9,59,5.6,17.1,3.1,52,5.6,290,3,0
Mark Walton,MIA,22,,7,4,21,15,89,5.9,0,3,18,2.1,12.7,71.4%,4.2,53,201,0,11,19,3.8,28.7,7.6,68,4.3,290,0,1
Jarius Wright,CAR,30,WR,16,9,58,28,296,10.6,0,16,33,1.8,18.5,48.3%,5.1,1,-7,0,0,-7,-7.0,-0.4,0.1,29,10.0,289,0,0
Daniel Jones ,NYG,22,QB,13,12,0,0,0,,0,0,0,0.0,0.0,0.0%,,45,279,2,21,26,6.2,21.5,3.5,45,6.2,279,2,18
Marcus Johnson,IND,25,WR,8,6,33,17,277,16.3,2,12,50,2.1,34.6,51.5%,8.4,,,,0,,,,,17,16.3,277,2,0
Dak Prescott ,DAL,26,QB,16,16,0,0,0,,0,0,0,0.0,0.0,0.0%,,52,277,3,19,42,5.3,17.3,3.3,52,5.3,277,3,6
Vyncint Smith,NYJ,23,,13,4,31,17,225,13.2,0,11,37,1.3,17.3,54.8%,7.3,3,52,1,3,20,17.3,4.0,0.2,20,13.9,277,1,1
Vance McDonald,PIT,29,TE,14,14,55,38,273,7.2,3,12,22,2.7,19.5,69.1%,5.0,1,2,0,0,2,2.0,0.1,0.1,39,7.1,275,3,1
Malcolm Brown ,LAR,26,,14,1,6,2,16,8.0,0,0,10,0.1,1.1,33.3%,2.7,69,255,5,16,17,3.7,18.2,4.9,71,3.8,271,5,0
Seth Roberts ,BAL,28,,16,0,35,21,271,12.9,2,18,33,1.3,16.9,60.0%,7.7,,,,0,,,,,21,12.9,271,2,0
Will Dissly,SEA,23,TE,6,6,27,23,262,11.4,4,14,38,3.8,43.7,85.2%,9.7,1,7,0,0,7,7.0,1.2,0.2,24,11.2,269,4,1
Keke Coutee,HOU,22,,9,4,36,22,254,11.5,0,10,51,2.4,28.2,61.1%,7.1,2,14,1,2,10,7.0,1.6,0.2,24,11.2,268,1,1
Marvin Hall,DET,26,,9,0,11,7,261,37.3,1,7,58,0.8,29.0,63.6%,23.7,1,7,0,0,7,7.0,0.8,0.1,8,33.5,268,1,0
Kaden Smith,NYG,22,te,9,6,42,31,268,8.6,3,12,32,3.4,29.8,73.8%,6.4,,,,0,,,,,31,8.6,268,3,2
Bilal Powell,NYJ,31,,13,1,12,7,33,4.7,0,0,9,0.5,2.5,58.3%,2.8,59,229,0,12,17,3.9,17.6,4.5,66,4.0,262,0,0
Greg Ward,PHI,24,,7,3,40,28,254,9.1,1,18,38,4.0,36.3,70.0%,6.4,1,5,0,0,5,5.0,0.7,0.1,29,8.9,259,1,0
Isaiah Ford,MIA,23,,8,0,35,23,244,10.6,0,16,28,2.9,30.5,65.7%,7.0,1,11,0,1,11,11.0,1.4,0.1,24,10.6,255,0,0
Ryquell Armstead,JAX,23,,16,1,24,14,144,10.3,2,9,31,0.9,9.0,58.3%,6.0,35,108,0,5,16,3.1,6.8,2.2,49,5.1,252,2,0
Jameis Winston,TAM,25,QB,16,16,0,0,0,,0,0,0,0.0,0.0,0.0%,,59,250,1,18,26,4.2,15.6,3.7,59,4.2,250,1,12
Kyle Juszczyk*,SFO,28,FB,12,12,24,20,239,12.0,1,11,49,1.7,19.9,83.3%,10.0,3,7,0,1,6,2.3,0.6,0.3,23,10.7,246,1,0
Pharoh Cooper,2TM,24,,13,1,33,25,243,9.7,1,10,28,1.9,18.7,75.8%,7.4,1,2,0,0,2,2.0,0.2,0.1,26,9.4,245,1,0
Paul Richardson ,WAS,27,WR,10,6,42,28,245,8.8,2,13,22,2.8,24.5,66.7%,5.8,1,0,0,0,0,0.0,0.0,0.1,29,8.4,245,2,0
Malik Turner,SEA,23,,15,3,22,15,245,16.3,1,10,33,1.0,16.3,68.2%,11.1,,,,0,,,,,15,16.3,245,1,0
Ryan Fitzpatrick,MIA,37,QB,15,13,0,0,0,,0,0,0,0.0,0.0,0.0%,,54,243,4,16,20,4.5,16.2,3.6,54,4.5,243,4,9
Carson Wentz ,PHI,27,QB,16,16,0,0,0,,0,0,0,0.0,0.0,0.0%,,62,243,1,21,19,3.9,15.2,3.9,62,3.9,243,1,16
C.J. Uzomah,CIN,26,TE,16,16,40,27,242,9.0,2,12,36,1.7,15.1,67.5%,6.1,,,,0,,,,,27,9.0,242,2,0
Jeremy Sprinkle,WAS,25,TE,16,13,40,26,241,9.3,1,13,23,1.6,15.1,65.0%,6.0,,,,0,,,,,26,9.3,241,1,1
Charles Clay,ARI,30,TE,15,10,24,18,237,13.2,1,12,47,1.2,15.8,75.0%,9.9,,,,0,,,,,18,13.2,237,1,0
Tre'Quan Smith,NOR,23,WR,11,6,25,18,234,13.0,5,17,32,1.6,21.3,72.0%,9.4,,,,0,,,,,18,13.0,234,5,0
Jacoby Brissett,IND,27,QB,15,15,1,1,2,2.0,0,0,2,0.1,0.1,100.0%,2.0,56,228,4,20,24,4.1,15.2,3.7,57,4.0,230,4,7
Ricky Seals-Jones,CLE,24,,14,3,22,14,229,16.4,4,10,59,1.0,16.4,63.6%,10.4,,,,0,,,,,14,16.4,229,4,1
Josh Hill,NOR,29,TE,16,11,35,25,226,9.0,3,13,29,1.6,14.1,71.4%,6.5,,,,0,,,,,25,9.0,226,3,0
Tavon Austin,DAL,29,,14,0,24,13,177,13.6,1,8,59,0.9,12.6,54.2%,7.4,6,47,1,2,20,7.8,3.4,0.4,19,11.8,224,2,1
Justin Jackson,LAC,24,,7,0,11,9,22,2.4,0,0,9,1.3,3.1,81.8%,2.0,29,200,0,9,40,6.9,28.6,4.1,38,5.8,222,0,0
Jaron Brown,SEA,29,WR,14,4,28,16,220,13.8,2,10,48,1.1,15.7,57.1%,7.9,,,,0,,,,,16,13.8,220,2,1
Zay Jones ,2TM,24,,15,9,45,27,216,8.0,0,10,23,1.8,14.4,60.0%,4.8,1,3,0,0,3,3.0,0.2,0.1,28,7.8,219,0,0
Jake Kumerow,GNB,27,,14,4,21,12,219,18.3,1,8,49,0.9,15.6,57.1%,10.4,,,,0,,,,,12,18.3,219,1,0
Patrick Mahomes *,KAN,24,QB,14,14,0,0,0,,0,0,0,0.0,0.0,0.0%,,43,218,2,15,25,5.1,15.6,3.1,43,5.1,218,2,3
Tim Patrick,DEN,26,,8,2,31,16,218,13.6,0,14,38,2.0,27.3,51.6%,7.0,,,,0,,,,,16,13.6,218,0,0
Scott Miller,TAM,22,,10,2,26,13,200,15.4,1,5,48,1.3,20.0,50.0%,7.7,2,16,0,1,18,8.0,1.6,0.2,15,14.4,216,1,0
Delanie Walker,TEN,35,,7,4,31,21,215,10.2,2,11,29,3.0,30.7,67.7%,6.9,,,,0,,,,,21,10.2,215,2,1
Bennie Fowler,NYG,28,,8,2,36,23,193,8.4,0,12,17,2.9,24.1,63.9%,5.4,1,20,0,1,20,20.0,2.5,0.1,24,8.9,213,0,0
Wayne Gallman,NYG,25,,10,2,15,11,102,9.3,1,4,21,1.1,10.2,73.3%,6.8,29,110,2,6,22,3.8,11.0,2.9,40,5.3,212,3,1
Anthony Firkser,TEN,24,,15,1,24,14,204,14.6,1,9,39,0.9,13.6,58.3%,8.5,,,,0,,,,,14,14.6,204,1,0
Andy Isabella,ARI,23,,15,1,13,9,189,21.0,1,4,88,0.6,12.6,69.2%,14.5,4,15,0,0,6,3.8,1.0,0.3,13,15.7,204,1,0
Ameer Abdullah,MIN,26,,16,0,21,15,88,5.9,1,5,16,0.9,5.5,71.4%,4.2,23,115,0,4,15,5.0,7.2,1.4,38,5.3,203,1,1
Maxx Williams,ARI,25,TE,16,10,19,15,202,13.5,1,11,28,0.9,12.6,78.9%,10.6,,,,0,,,,,15,13.5,202,1,0
Marquise Goodwin,SFO,29,wr,9,6,21,12,186,15.5,1,10,38,1.3,20.7,57.1%,8.9,1,15,0,1,15,15.0,1.7,0.1,13,15.5,201,1,0
Damion Ratley,CLE,24,,13,3,24,12,200,16.7,1,11,46,0.9,15.4,50.0%,8.3,,,,0,,,,,12,16.7,200,1,0
Kalen Ballage,MIA,24,RB,12,6,24,14,63,4.5,0,4,13,1.2,5.3,58.3%,2.6,74,135,3,10,8,1.8,11.3,6.2,88,2.3,198,3,0
Miles Boykin,BAL,23,WR,16,11,22,13,198,15.2,3,10,50,0.8,12.4,59.1%,9.0,,,,0,,,,,13,15.2,198,3,0
Trey Quinn,WAS,24,wr,12,6,47,26,198,7.6,1,10,19,2.2,16.5,55.3%,4.2,,,,0,,,,,26,7.6,198,1,1
Chester Rogers,IND,25,wr,12,6,28,16,179,11.2,2,11,27,1.3,14.9,57.1%,6.4,1,18,0,1,18,18.0,1.5,0.1,17,11.6,197,2,2
Justin Hardy ,ATL,28,,16,1,26,19,195,10.3,0,9,23,1.2,12.2,73.1%,7.5,,,,0,,,,,19,10.3,195,0,0
Ty Montgomery,NYJ,26,,16,2,17,13,90,6.9,0,3,21,0.8,5.6,76.5%,5.3,32,103,0,2,15,3.2,6.4,2.0,45,4.3,193,0,0
Ito Smith,ATL,24,,7,0,14,11,87,7.9,0,2,11,1.6,12.4,78.6%,6.2,22,106,1,10,28,4.8,15.1,3.1,33,5.8,193,1,0
Mitchell Trubisky ,CHI,25,QB,15,15,0,0,0,,0,0,0,0.0,0.0,0.0%,,48,193,2,12,23,4.0,12.9,3.2,48,4.0,193,2,5
KeeSean Johnson,ARI,23,,10,4,42,21,187,8.9,1,10,31,2.1,18.7,50.0%,4.5,1,3,0,0,3,3.0,0.3,0.1,22,8.6,190,1,1
T.J. Yeldon,BUF,26,,6,0,15,13,124,9.5,0,6,23,2.2,20.7,86.7%,8.3,17,63,0,5,12,3.7,10.5,2.8,30,6.2,187,0,1
Cordarrelle Patterson*+,CHI,28,,16,4,17,11,83,7.5,0,3,33,0.7,5.2,64.7%,4.9,17,103,0,4,46,6.1,6.4,1.1,28,6.6,186,0,0
Javon Wims,CHI,25,wr,16,6,39,18,186,10.3,1,9,37,1.1,11.6,46.2%,4.8,,,,0,,,,,18,10.3,186,1,0
Ryan Tannehill*,TEN,31,QB,12,10,0,0,0,,0,0,0,0.0,0.0,0.0%,,43,185,4,14,25,4.3,15.4,3.6,43,4.3,185,4,6
Trevor Davis,3TM,26,,14,4,11,8,111,13.9,0,4,28,0.6,7.9,72.7%,10.1,4,73,1,2,60,18.3,5.2,0.3,12,15.3,184,1,3
Myles Gaskin,MIA,22,,7,0,12,7,51,7.3,0,2,20,1.0,7.3,58.3%,4.3,36,133,1,7,27,3.7,19.0,5.1,43,4.3,184,1,0
Darrell Henderson,LAR,22,,13,0,6,4,37,9.3,0,1,14,0.3,2.8,66.7%,6.2,39,147,0,10,22,3.8,11.3,3.0,43,4.3,184,0,0
Laquon Treadwell,MIN,24,,13,1,16,9,184,20.4,1,8,58,0.7,14.2,56.3%,11.5,,,,0,,,,,9,20.4,184,1,0
Aaron Rodgers *,GNB,36,QB,16,16,0,0,0,,0,0,0,0.0,0.0,0.0%,,46,183,1,9,17,4.0,11.4,2.9,46,4.0,183,1,4
Dontrelle Inman,2TM,30,,7,1,21,12,181,15.1,0,9,28,1.7,25.9,57.1%,8.6,,,,0,,,,,12,15.1,181,0,0
Brandon Bolden,NWE,29,,15,2,11,9,111,12.3,1,6,29,0.6,7.4,81.8%,10.1,15,68,3,5,21,4.5,4.5,1.0,24,7.5,179,4,0
Foster Moreau,OAK,22,TE,13,7,25,21,174,8.3,5,14,23,1.6,13.4,84.0%,7.0,,,,0,,,,,21,8.3,174,5,0
Reggie Bonnafon,CAR,23,,16,0,9,6,57,9.5,0,1,32,0.4,3.6,66.7%,6.3,16,116,1,2,59,7.3,7.3,1.0,22,7.9,173,1,0
Logan Thomas,DET,28,,16,3,28,16,173,10.8,1,10,17,1.0,10.8,57.1%,6.2,,,,0,,,,,16,10.8,173,1,0
Ben Watson,NWE,39,te,10,8,24,17,173,10.2,0,9,26,1.7,17.3,70.8%,7.2,,,,0,,,,,17,10.2,173,0,0
Darwin Thompson,KAN,23,,12,0,10,9,43,4.8,0,2,19,0.8,3.6,90.0%,4.3,37,128,1,9,12,3.5,10.7,3.1,46,3.7,171,1,0
Travis Homer,SEA,21,,16,1,13,11,56,5.1,0,3,11,0.7,3.5,84.6%,4.3,18,114,0,6,29,6.3,7.1,1.1,29,5.9,170,0,0
Byron Pringle,KAN,26,,16,0,16,12,170,14.2,1,7,28,0.8,10.6,75.0%,10.6,,,,0,,,,,12,14.2,170,1,0
JJ Arcega-Whiteside,PHI,23,wr,16,5,22,10,169,16.9,1,7,30,0.6,10.6,45.5%,7.7,,,,0,,,,,10,16.9,169,1,0
Jakeem Grant,MIA,27,,10,2,33,19,164,8.6,0,9,18,1.9,16.4,57.6%,5.0,4,5,1,1,7,1.3,0.5,0.4,23,7.3,169,1,2
Rhett Ellison,NYG,31,fb,10,7,28,18,167,9.3,1,4,31,1.8,16.7,64.3%,6.0,,,,0,,,,,18,9.3,167,1,0
C.J. Ham*,MIN,26,FB,16,7,26,17,149,8.8,1,6,36,1.1,9.3,65.4%,5.7,7,17,0,2,9,2.4,1.1,0.4,24,6.9,166,1,1
Nick Vannett,2TM,26,,16,7,22,17,166,9.8,0,5,18,1.1,10.4,77.3%,7.5,,,,0,,,,,17,9.8,166,0,0
Duke Williams,BUF,26,,4,3,19,12,166,13.8,1,8,41,3.0,41.5,63.2%,8.7,,,,0,,,,,12,13.8,166,1,0
Kalif Raymond,TEN,25,,8,1,12,9,170,18.9,1,6,52,1.1,21.3,75.0%,14.2,1,-5,0,0,-5,-5.0,-0.6,0.1,10,16.5,165,1,1
Richie James,SFO,24,,16,1,10,6,165,27.5,1,5,57,0.4,10.3,60.0%,16.5,2,-1,0,0,0,-0.5,-0.1,0.1,8,20.5,164,1,1
DeAndre Carter ,HOU,26,,16,3,14,11,162,14.7,0,6,46,0.7,10.1,78.6%,11.6,,,,0,,,,,11,14.7,162,0,2
Parris Campbell,IND,22,,7,3,24,18,127,7.1,1,6,27,2.6,18.1,75.0%,5.3,4,34,0,1,22,8.5,4.9,0.6,22,7.3,161,1,3
DeSean Jackson,PHI,33,,3,3,10,9,159,17.7,2,6,53,3.0,53.0,90.0%,15.9,,,,0,,,,,9,17.7,159,2,0
Justin Watson,TAM,24,,16,2,26,15,159,10.6,2,10,17,0.9,9.9,57.7%,6.1,,,,0,,,,,15,10.6,159,2,0
Jeff Driskel,DET,26,,3,3,1,1,6,6.0,0,0,6,0.3,2.0,100.0%,6.0,22,151,1,10,23,6.9,50.3,7.3,23,6.8,157,1,1
Marcedes Lewis,GNB,35,TE,16,11,19,15,156,10.4,1,8,25,0.9,9.8,78.9%,8.2,,,,0,,,,,15,10.4,156,1,0
N'Keal Harry ,NWE,22,wr,7,5,24,12,105,8.8,2,7,18,1.7,15.0,50.0%,4.4,5,49,0,4,18,9.8,7.0,0.7,17,9.1,154,2,0
James O'Shaughnessy,JAX,27,TE,5,5,20,14,153,10.9,2,7,35,2.8,30.6,70.0%,7.7,,,,0,,,,,14,10.9,153,2,0
Jaeden Graham,ATL,24,,16,0,10,9,149,16.6,1,7,53,0.6,9.3,90.0%,14.9,,,,0,,,,,9,16.6,149,1,0
Demetrius Harris,CLE,28,TE,15,6,27,15,149,9.9,3,10,23,1.0,9.9,55.6%,5.5,,,,0,,,,,15,9.9,149,3,0
C.J. Prosise,SEA,25,,9,0,12,10,76,7.6,0,3,21,1.1,8.4,83.3%,6.3,23,72,1,4,17,3.1,8.0,2.6,33,4.5,148,1,1
Matt Ryan,ATL,34,QB,15,15,0,0,0,,0,0,0,0.0,0.0,0.0%,,34,147,1,10,12,4.3,9.8,2.3,34,4.3,147,1,9
Wendell Smallwood,WAS,25,,15,0,13,9,64,7.1,0,4,18,0.6,4.3,69.2%,4.9,22,81,0,4,17,3.7,5.4,1.5,31,4.7,145,0,0
Jesse James,DET,25,TE,16,11,27,16,142,8.9,0,8,23,1.0,8.9,59.3%,5.3,,,,0,,,,,16,8.9,142,0,0
Dontrell Hilliard,CLE,24,,14,0,15,12,92,7.7,0,4,19,0.9,6.6,80.0%,6.1,13,49,2,3,11,3.8,3.5,0.9,25,5.6,141,2,2
Baker Mayfield,CLE,24,QB,16,16,0,0,0,,0,0,0,0.0,0.0,0.0%,,28,141,3,15,18,5.0,8.8,1.8,28,5.0,141,3,6
Seth Devalve,JAX,26,te,12,6,18,12,140,11.7,0,7,20,1.0,11.7,66.7%,7.8,,,,0,,,,,12,11.7,140,0,0
Trey Edmunds,PIT,25,,11,0,7,6,48,8.0,0,2,11,0.5,4.4,85.7%,6.9,22,92,0,2,45,4.2,8.4,2.0,28,5.0,140,0,0
Jeff Wilson,SFO,24,,10,0,5,3,34,11.3,1,1,25,0.3,3.4,60.0%,6.8,27,105,4,9,25,3.9,10.5,2.7,30,4.6,139,5,0
Ian Thomas,CAR,23,,16,3,30,16,136,8.5,1,10,19,1.0,8.5,53.3%,4.5,,,,0,,,,,16,8.5,136,1,0
Derek Carrier,OAK,29,,16,4,19,13,108,8.3,1,4,25,0.8,6.8,68.4%,5.7,1,27,0,1,27,27.0,1.7,0.1,14,9.6,135,1,0
Keelan Doss,OAK,23,,8,2,14,11,133,12.1,0,6,31,1.4,16.6,78.6%,9.5,,,,0,,,,,11,12.1,133,0,0
Matt LaCosse,NWE,27,TE,11,8,19,13,131,10.1,1,6,24,1.2,11.9,68.4%,6.9,,,,0,,,,,13,10.1,131,1,0
Kerrith Whyte Jr,PIT,23,,6,0,1,1,9,9.0,0,1,9,0.2,1.5,100.0%,9.0,24,122,0,5,21,5.1,20.3,4.0,25,5.2,131,0,0
Marcus Mariota,TEN,26,qb,7,6,0,0,0,,0,0,0,0.0,0.0,0.0%,,24,129,0,5,15,5.4,18.4,3.4,24,5.4,129,0,3
Dan Arnold,2TM,24,,5,1,14,8,127,15.9,2,6,37,1.6,25.4,57.1%,9.1,,,,0,,,,,8,15.9,127,2,0
Mack Hollins,2TM,26,,16,3,23,10,125,12.5,0,7,20,0.6,7.8,43.5%,5.4,,,,0,,,,,10,12.5,125,0,0
Deon Cain,2TM,23,,13,6,20,9,124,13.8,0,7,35,0.7,9.5,45.0%,6.2,,,,0,,,,,9,13.8,124,0,0
Vernon Davis ,WAS,35,,4,1,19,10,123,12.3,1,4,48,2.5,30.8,52.6%,6.5,,,,0,,,,,10,12.3,123,1,0
Marcell Ateman,OAK,25,,11,0,10,5,116,23.2,0,4,36,0.5,10.5,50.0%,11.6,,,,0,,,,,5,23.2,116,0,1
Braxton Berrios,NYJ,24,,16,0,13,6,115,19.2,0,3,69,0.4,7.2,46.2%,8.8,,,,0,,,,,6,19.2,115,0,1
Olamide Zaccheaus,ATL,22,,10,0,5,3,115,38.3,1,2,93,0.3,11.5,60.0%,23.0,,,,0,,,,,3,38.3,115,1,0
Jeff Heuerman,DEN,27,TE,14,11,20,14,114,8.1,1,9,26,1.0,8.1,70.0%,5.7,,,,0,,,,,14,8.1,114,1,0
Ryan Izzo,NWE,24,,6,4,9,6,114,19.0,1,4,41,1.0,19.0,66.7%,12.7,,,,0,,,,,6,19.0,114,1,0
Tommy Sweeney,BUF,24,,6,1,13,8,114,14.3,0,4,29,1.3,19.0,61.5%,8.8,,,,0,,,,,8,14.3,114,0,0
Devin Smith,DAL,27,,4,2,9,5,113,22.6,1,4,51,1.3,28.3,55.6%,12.6,,,,0,,,,,5,22.6,113,1,0
Nick O'Leary,2TM,27,,12,5,18,13,109,8.4,1,4,19,1.1,9.1,72.2%,6.1,,,,0,,,,,13,8.4,109,1,1
Dante Pettis,SFO,24,,11,4,24,11,109,9.9,2,7,21,1.0,9.9,45.8%,4.5,,,,0,,,,,11,9.9,109,2,0
Kyle Allen,CAR,23,QB,13,12,0,0,0,,0,0,0,0.0,0.0,0.0%,,32,106,2,9,17,3.3,8.2,2.5,32,3.3,106,2,13
Brandon Zylstra,CAR,26,,8,0,12,8,106,13.3,0,5,40,1.0,13.3,66.7%,8.8,,,,0,,,,,8,13.3,106,0,1
Hale Hentges,WAS,23,,11,4,14,8,103,12.9,1,6,24,0.7,9.4,57.1%,7.4,,,,0,,,,,8,12.9,103,1,0
Dwayne Haskins ,WAS,22,qb,9,7,0,0,0,,0,0,0,0.0,0.0,0.0%,,20,101,0,7,23,5.1,11.2,2.2,20,5.1,101,0,6
Robert Tonyan,GNB,25,,11,1,15,10,100,10.0,1,4,28,0.9,9.1,66.7%,6.7,,,,0,,,,,10,10.0,100,1,0
Danny Vitale ,GNB,26,,15,4,12,7,97,13.9,0,3,27,0.5,6.5,58.3%,8.1,1,3,0,0,3,3.0,0.2,0.1,8,12.5,100,0,0
Mo Alie-Cox,IND,26,,16,2,11,8,93,11.6,0,5,21,0.5,5.8,72.7%,8.5,,,,0,,,,,8,11.6,93,0,0
Andrew Beck,DEN,23,te,16,6,12,9,90,10.0,1,6,29,0.6,5.6,75.0%,7.5,1,3,0,1,3,3.0,0.2,0.1,10,9.3,93,1,0
Robert Foster,BUF,25,,13,2,18,3,64,21.3,0,3,24,0.2,4.9,16.7%,3.6,2,29,0,1,22,14.5,2.2,0.2,5,18.6,93,0,0
Jon Hilliman,NYG,24,,3,1,4,3,1,0.3,0,0,5,1.0,0.3,75.0%,0.3,30,91,0,6,10,3.0,30.3,10.0,33,2.8,92,0,2
D'Ernest Johnson,CLE,23,,16,0,7,6,71,11.8,0,1,27,0.4,4.4,85.7%,10.1,4,21,0,0,13,5.3,1.3,0.3,10,9.2,92,0,0
Christian Blake,ATL,23,,9,3,24,11,91,8.3,0,5,13,1.2,10.1,45.8%,3.8,,,,0,,,,,11,8.3,91,0,0
Ross Dwelley,SFO,24,te,16,6,22,15,91,6.1,2,8,25,0.9,5.7,68.2%,4.1,,,,0,,,,,15,6.1,91,2,0
J.P. Holtz,2TM,26,,15,7,8,7,91,13.0,0,4,30,0.5,6.1,87.5%,11.4,,,,0,,,,,7,13.0,91,0,0
MyCole Pruitt,TEN,27,TE,16,10,8,6,90,15.0,1,4,42,0.4,5.6,75.0%,11.3,,,,0,,,,,6,15.0,90,1,0
Darren Sproles,PHI,36,,6,1,10,6,24,4.0,0,1,7,1.0,4.0,60.0%,2.4,17,66,0,3,17,3.9,11.0,2.8,23,3.9,90,0,1
Antonio Callaway,CLE,22,,4,2,15,8,89,11.1,0,3,41,2.0,22.3,53.3%,5.9,,,,0,,,,,8,11.1,89,0,0
Jesper Horsted,CHI,22,,6,1,10,8,87,10.9,1,4,20,1.3,14.5,80.0%,8.7,,,,0,,,,,8,10.9,87,1,1
Joshua Perkins ,PHI,26,,5,0,13,9,87,9.7,1,5,24,1.8,17.4,69.2%,6.7,,,,0,,,,,9,9.7,87,1,0
Trey Burton,CHI,28,te,8,5,24,14,84,6.0,0,5,16,1.8,10.5,58.3%,3.5,,,,0,,,,,14,6.0,84,0,0
Derek Carr,OAK,28,QB,16,16,0,0,0,,0,0,0,0.0,0.0,0.0%,,27,82,2,7,15,3.0,5.1,1.7,27,3.0,82,2,7
Damion Willis,CIN,22,,10,2,16,9,82,9.1,0,3,17,0.9,8.2,56.3%,5.1,,,,0,,,,,9,9.1,82,0,0
Trent Sherfield,ARI,23,,16,1,13,4,80,20.0,0,4,38,0.3,5.0,30.8%,6.2,,,,0,,,,,4,20.0,80,0,0
Luke Willson,SEA,29,te,8,7,10,8,79,9.9,0,5,17,1.0,9.9,80.0%,7.9,,,,0,,,,,8,9.9,79,0,0
Virgil Green,LAC,31,,15,4,13,9,78,8.7,1,4,15,0.6,5.2,69.2%,6.0,,,,0,,,,,9,8.7,78,1,0
Ryan Finley,CIN,25,,3,3,0,0,0,,0,0,0,0.0,0.0,0.0%,,10,77,0,4,24,7.7,25.7,3.3,10,7.7,77,0,4
KhaDarel Hodge,CLE,24,,16,1,10,4,76,19.0,0,3,41,0.3,4.8,40.0%,7.6,,,,0,,,,,4,19.0,76,0,0
Adam Shaheen,CHI,25,,8,2,13,9,74,8.2,0,3,18,1.1,9.3,69.2%,5.7,,,,0,,,,,9,8.2,74,0,1
Spencer Ware,KAN,28,,3,1,7,5,22,4.4,0,1,18,1.7,7.3,71.4%,3.1,17,51,0,3,6,3.0,17.0,5.7,22,3.3,73,0,1
Daniel Brown,NYJ,27,wr,16,5,11,7,72,10.3,1,4,24,0.4,4.5,63.6%,6.5,,,,0,,,,,7,10.3,72,1,0
Drew Lock,DEN,23,qb,5,5,0,0,0,,0,0,0,0.0,0.0,0.0%,,18,72,0,5,12,4.0,14.4,3.6,18,4.0,72,0,3
Tyler Kroft,BUF,27,,11,3,14,6,71,11.8,1,5,20,0.5,6.5,42.9%,5.1,,,,0,,,,,6,11.8,71,1,0
Chad Beebe,MIN,25,,3,0,2,2,70,35.0,0,2,61,0.7,23.3,100.0%,35.0,,,,0,,,,,2,35.0,70,0,3
Robert Griffin III,BAL,29,,7,1,0,0,0,,0,0,0,0.0,0.0,0.0%,,20,70,0,5,16,3.5,10.0,2.9,20,3.5,70,0,0
Andy Dalton,CIN,32,QB,13,13,1,1,-4,-4.0,0,0,-4,0.1,-0.3,100.0%,-4.0,32,73,4,12,17,2.3,5.6,2.5,33,2.1,69,4,8
Riley Ridley,CHI,23,,5,0,7,6,69,11.5,0,4,32,1.2,13.8,85.7%,9.9,,,,0,,,,,6,11.5,69,0,0
Devlin Hodges ,PIT,23,qb,8,6,0,0,0,,0,0,0,0.0,0.0,0.0%,,21,68,0,5,22,3.2,8.5,2.6,21,3.2,68,0,5
Blake Bell,KAN,28,TE,15,7,15,8,67,8.4,0,3,30,0.5,4.5,53.3%,4.5,,,,0,,,,,8,8.4,67,0,0
Chris Hogan ,CAR,32,,7,1,15,8,67,8.4,0,3,13,1.1,9.6,53.3%,4.5,,,,0,,,,,8,8.4,67,0,0
Devontae Booker,DEN,27,,16,0,9,6,57,9.5,0,1,25,0.4,3.6,66.7%,6.3,2,9,0,0,5,4.5,0.6,0.1,8,8.3,66,0,0
Tra Carson,2TM,27,,3,1,4,4,18,4.5,0,0,8,1.3,6.0,100.0%,4.5,18,48,0,3,12,2.7,16.0,6.0,22,3.0,66,0,0
Rico Gafford,OAK,23,,4,1,2,2,66,33.0,1,2,49,0.5,16.5,100.0%,33.0,,,,0,,,,,2,33.0,66,1,0
Matthew Stafford,DET,31,QB,8,8,0,0,0,,0,0,0,0.0,0.0,0.0%,,20,66,0,5,12,3.3,8.3,2.5,20,3.3,66,0,5
Dwayne Washington,NOR,25,,16,0,1,1,6,6.0,0,0,6,0.1,0.4,100.0%,6.0,8,60,0,2,31,7.5,3.8,0.5,9,7.3,66,0,0
Durham Smythe,MIA,24,TE,16,14,14,7,65,9.3,0,2,24,0.4,4.1,50.0%,4.6,,,,0,,,,,7,9.3,65,0,0
Geoff Swaim,JAX,26,,6,2,17,13,65,5.0,0,1,9,2.2,10.8,76.5%,3.8,,,,0,,,,,13,5.0,65,0,0
Kirk Cousins *,MIN,31,QB,15,15,1,0,0,,0,0,0,0.0,0.0,0.0%,0.0,31,63,1,8,14,2.0,4.2,2.1,31,2.0,63,1,10
Sam Darnold ,NYJ,22,QB,13,13,0,0,0,,0,0,0,0.0,0.0,0.0%,,33,62,2,6,24,1.9,4.8,2.5,33,1.9,62,2,11
Jimmy Garoppolo,SFO,28,QB,16,16,0,0,0,,0,0,0,0.0,0.0,0.0%,,46,62,1,13,11,1.3,3.9,2.9,46,1.3,62,1,10
Anthony Levine,BAL,32,,16,0,0,0,0,,0,0,0,0.0,0.0,0.0%,,2,62,0,2,60,31.0,3.9,0.1,2,31.0,62,0,0
Antonio Brown ,NWE,31,,1,0,8,4,56,14.0,1,3,20,4.0,56.0,50.0%,7.0,1,5,0,1,5,5.0,5.0,1.0,5,12.2,61,1,0
Alec Ingold,OAK,23,,16,4,6,6,44,7.3,1,4,14,0.4,2.8,100.0%,7.3,10,17,0,7,4,1.7,1.1,0.6,16,3.8,61,1,0
Tevin Jones,PIT,27,,5,0,10,4,61,15.3,0,1,28,0.8,12.2,40.0%,6.1,,,,0,,,,,4,15.3,61,0,0
Clive Walford,MIA,28,,7,3,8,4,57,14.3,0,4,19,0.6,8.1,50.0%,7.1,0,4,0,0,4,,0.6,0.0,4,15.3,61,0,0
Chris Lacy,DET,23,,7,2,10,3,60,20.0,0,2,48,0.4,8.6,30.0%,6.0,,,,0,,,,,3,20.0,60,0,0
Ben Braunecker ,CHI,25,,11,3,11,6,59,9.8,1,5,18,0.5,5.4,54.5%,5.4,,,,0,,,,,6,9.8,59,1,0
Tyler Conklin,MIN,24,,15,1,10,8,58,7.3,0,2,20,0.5,3.9,80.0%,5.8,,,,0,,,,,8,7.3,58,0,0
Qadree Ollison,ATL,23,,8,0,2,1,7,7.0,0,1,7,0.1,0.9,50.0%,3.5,22,50,4,6,6,2.3,6.3,2.8,23,2.5,57,4,1
Zach Line ,NOR,29,,12,2,10,6,36,6.0,0,1,12,0.5,3.0,60.0%,3.6,7,20,0,5,5,2.9,1.7,0.6,13,4.3,56,0,0
Andre Patton,LAC,25,WR,13,5,17,6,56,9.3,0,4,15,0.5,4.3,35.3%,3.3,,,,0,,,,,6,9.3,56,0,0
Deonte Harris*+,NOR,22,,14,1,6,6,24,4.0,0,2,13,0.4,1.7,100.0%,4.0,4,31,0,2,10,7.8,2.2,0.3,10,5.5,55,0,3
Rashard Higgins,CLE,25,,10,1,11,4,55,13.8,1,3,35,0.4,5.5,36.4%,5.0,,,,0,,,,,4,13.8,55,1,0
Khari Blasingame,TEN,23,,6,3,5,4,54,13.5,0,2,24,0.7,9.0,80.0%,10.8,,,,0,,,,,4,13.5,54,0,0
Luke Stocker,ATL,31,te,15,9,14,8,53,6.6,0,2,18,0.5,3.5,57.1%,3.8,,,,0,,,,,8,6.6,53,0,1
Stephen Carlson,CLE,23,te,9,5,7,5,51,10.2,1,2,21,0.6,5.7,71.4%,7.3,,,,0,,,,,5,10.2,51,1,0
Ross Travis,IND,26,,3,1,6,4,51,12.8,0,1,25,1.3,17.0,66.7%,8.5,,,,0,,,,,4,12.8,51,0,1
DeAndrew White,CAR,28,,10,0,9,4,51,12.8,0,3,18,0.4,5.1,44.4%,5.7,,,,0,,,,,4,12.8,51,0,0
Kenjon Barner,ATL,29,,14,0,8,6,22,3.7,0,1,13,0.4,1.6,75.0%,2.8,4,28,0,1,12,7.0,2.0,0.3,10,5.0,50,0,4
David Blough,DET,24,qb,5,5,1,1,19,19.0,1,1,19,0.2,3.8,100.0%,19.0,8,31,0,1,9,3.9,6.2,1.6,9,5.6,50,1,1
Lance Kendricks,LAC,31,,12,1,7,3,50,16.7,0,3,24,0.3,4.2,42.9%,7.1,,,,0,,,,,3,16.7,50,0,0
Devine Ozigbo,JAX,23,,10,0,5,3,23,7.7,0,1,12,0.3,2.3,60.0%,4.6,9,27,0,1,9,3.0,2.7,0.9,12,4.2,50,0,0
Deon Yelder,KAN,24,,9,1,4,3,50,16.7,0,2,24,0.3,5.6,75.0%,12.5,,,,0,,,,,3,16.7,50,0,0
Mike Davis,2TM,26,,12,1,8,7,22,3.1,0,1,7,0.6,1.8,87.5%,2.8,13,27,0,0,8,2.1,2.3,1.1,20,2.5,49,0,0
Taiwan Jones,HOU,31,,11,0,1,1,9,9.0,0,0,9,0.1,0.8,100.0%,9.0,9,40,0,3,11,4.4,3.6,0.8,10,4.9,49,0,0
Trevon Wesco,NYJ,24,,16,1,3,2,47,23.5,0,2,32,0.1,2.9,66.7%,15.7,1,2,0,1,2,2.0,0.1,0.1,3,16.3,49,0,0
Deontay Burnett,PHI,22,,1,1,4,2,48,24.0,0,1,41,2.0,48.0,50.0%,12.0,,,,0,,,,,2,24.0,48,0,0
Patrick DiMarco,BUF,30,fb,16,4,7,5,41,8.2,0,1,27,0.3,2.6,71.4%,5.9,3,7,0,0,4,2.3,0.4,0.2,8,6.0,48,0,0
Elijhaa Penny,NYG,26,,16,1,4,2,9,4.5,0,0,9,0.1,0.6,50.0%,2.3,15,39,0,2,6,2.6,2.4,0.9,17,2.8,48,0,0
Patrick Ricard*,BAL,25,FB,16,7,11,8,47,5.9,1,3,10,0.5,2.9,72.7%,4.3,,,,0,,,,,8,5.9,47,1,0
Alexander Hollins,MIN,23,,4,1,4,2,46,23.0,0,2,35,0.5,11.5,50.0%,11.5,,,,0,,,,,2,23.0,46,0,0
Cedrick Wilson,DAL,24,,6,0,8,5,46,9.2,0,2,14,0.8,7.7,62.5%,5.8,,,,0,,,,,5,9.2,46,0,0
Javorius Allen,NYG,28,,10,0,2,1,9,9.0,0,0,9,0.1,0.9,50.0%,4.5,10,36,1,3,19,3.6,3.6,1.0,11,4.1,45,1,0
C.J. Anderson,DET,28,,2,0,0,0,0,,0,0,0,0.0,0.0,0.0%,,16,43,0,1,9,2.7,21.5,8.0,16,2.7,43,0,0
Andy Janovich,DEN,26,,7,3,5,5,42,8.4,0,1,22,0.7,6.0,100.0%,8.4,1,1,1,1,1,1.0,0.1,0.1,6,7.2,43,1,0
Jason Moore,LAC,24,,10,0,5,2,43,21.5,0,2,32,0.2,4.3,40.0%,8.6,,,,0,,,,,2,21.5,43,0,0
Mason Rudolph,PIT,24,QB,10,8,0,0,0,,0,0,0,0.0,0.0,0.0%,,21,42,0,6,13,2.0,4.2,2.1,21,2.0,42,0,4
Derek Watt,LAC,27,,16,2,5,3,32,10.7,0,1,21,0.2,2.0,60.0%,6.4,7,10,1,6,3,1.4,0.6,0.4,10,4.2,42,1,0
Brett Hundley,ARI,26,,3,0,0,0,0,,0,0,0,0.0,0.0,0.0%,,7,41,0,3,14,5.9,13.7,2.3,7,5.9,41,0,0
David Njoku ,CLE,23,,4,1,10,5,41,8.2,1,3,18,1.3,10.3,50.0%,4.1,,,,0,,,,,5,8.2,41,1,0
Jared Goff,LAR,25,QB,16,16,0,0,0,,0,0,0,0.0,0.0,0.0%,,33,40,2,5,8,1.2,2.5,2.1,33,1.2,40,2,10
Brandon Allen,DEN,27,,3,3,0,0,0,,0,0,0,0.0,0.0,0.0%,,10,39,0,4,11,3.9,13.0,3.3,10,3.9,39,0,0
A.J. McCarron,HOU,29,,2,1,0,0,0,,0,0,0,0.0,0.0,0.0%,,5,39,1,3,18,7.8,19.5,2.5,5,7.8,39,1,0
Geremy Davis ,LAC,27,,7,1,3,3,38,12.7,0,1,19,0.4,5.4,100.0%,12.7,,,,0,,,,,3,12.7,38,0,0
Troy Fumagalli,DEN,24,te,11,5,9,6,38,6.3,1,1,9,0.5,3.5,66.7%,4.2,,,,0,,,,,6,6.3,38,1,0
T.J. Jones,NYG,27,,3,0,4,3,38,12.7,1,2,28,1.0,12.7,75.0%,9.5,,,,0,,,,,3,12.7,38,1,3
Paul Perkins ,DET,25,,4,0,1,1,9,9.0,0,0,9,0.3,2.3,100.0%,9.0,12,29,0,3,13,2.4,7.3,3.0,13,2.9,38,0,0
Elandon Roberts,NWE,25,,16,3,1,1,38,38.0,1,1,38,0.1,2.4,100.0%,38.0,,,,0,,,,,1,38.0,38,1,0
Steven Mitchell,HOU,25,,3,1,6,2,37,18.5,0,2,21,0.7,12.3,33.3%,6.2,,,,0,,,,,2,18.5,37,0,0
Diontae Spencer,DEN,27,,16,2,8,6,31,5.2,0,1,20,0.4,1.9,75.0%,3.9,3,6,0,0,9,2.0,0.4,0.2,9,4.1,37,0,3
JJ Nelson,OAK,27,,2,1,5,4,36,9.0,1,1,29,2.0,18.0,80.0%,7.2,,,,0,,,,,4,9.0,36,1,0
Ty Sambrailo,ATL,27,,13,0,1,1,35,35.0,1,1,35,0.1,2.7,100.0%,35.0,,,,0,,,,,1,35.0,35,1,0
Bobo Wilson,TAM,24,,6,1,11,3,35,11.7,0,2,14,0.5,5.8,27.3%,3.2,,,,0,,,,,3,11.7,35,0,3
Tom Brady ,NWE,42,QB,16,16,0,0,0,,0,0,0,0.0,0.0,0.0%,,26,34,3,8,17,1.3,2.1,1.6,26,1.3,34,3,4
Ishmael Hyman,TAM,24,,2,1,4,2,34,17.0,0,2,31,1.0,17.0,50.0%,8.5,,,,0,,,,,2,17.0,34,0,0
Marshawn Lynch ,SEA,33,,1,0,0,0,0,,0,0,0,0.0,0.0,0.0%,,12,34,1,2,15,2.8,34.0,12.0,12,2.8,34,1,0
Gunner Olszewski,NWE,23,,8,0,4,2,34,17.0,0,1,29,0.3,4.3,50.0%,8.5,,,,0,,,,,2,17.0,34,0,1
Troymaine Pope,LAC,26,,14,0,3,2,14,7.0,1,1,13,0.1,1.0,66.7%,4.7,10,20,0,0,8,2.0,1.4,0.7,12,2.8,34,1,1
Jordan Matthews,2TM,27,,3,1,12,4,33,8.3,0,1,10,1.3,11.0,33.3%,2.8,,,,0,,,,,4,8.3,33,0,0
Devin Funchess,IND,25,,1,1,5,3,32,10.7,0,2,16,3.0,32.0,60.0%,6.4,,,,0,,,,,3,10.7,32,0,0
C.J. Board,JAX,26,,4,0,4,2,31,15.5,0,1,23,0.5,7.8,50.0%,7.8,,,,0,,,,,2,15.5,31,0,0
Teddy Bridgewater,NOR,27,qb,9,5,0,0,0,,0,0,0,0.0,0.0,0.0%,,28,31,0,4,11,1.1,3.4,3.1,28,1.1,31,0,1
Anthony Sherman,KAN,31,,16,0,3,2,22,11.0,0,2,15,0.1,1.4,66.7%,7.3,4,9,0,3,5,2.3,0.6,0.3,6,5.2,31,0,0
Lee Smith,BUF,32,wr,16,5,5,4,31,7.8,1,2,9,0.3,1.9,80.0%,6.2,,,,0,,,,,4,7.8,31,1,0
Jay Ajayi,PHI,26,,3,0,1,0,0,,0,0,0,0.0,0.0,0.0%,0.0,10,30,0,3,11,3.0,10.0,3.3,10,3.0,30,0,0
Travis Benjamin,LAC,30,,5,2,16,6,30,5.0,0,3,13,1.2,6.0,37.5%,1.9,,,,0,,,,,6,5.0,30,0,0
Johnny Holton,PIT,28,,16,3,15,3,21,7.0,0,1,18,0.2,1.3,20.0%,1.4,1,9,0,1,9,9.0,0.6,0.1,4,7.5,30,0,0
Codey McElroy,TAM,27,,1,0,1,1,30,30.0,0,1,30,1.0,30.0,100.0%,30.0,,,,0,,,,,1,30.0,30,0,0
Drew Sample,CIN,23,,9,2,6,5,30,6.0,0,1,21,0.6,3.3,83.3%,5.0,,,,0,,,,,5,6.0,30,0,0
Philip Rivers,LAC,38,QB,16,16,0,0,0,,0,0,0,0.0,0.0,0.0%,,12,29,0,2,12,2.4,1.8,0.8,12,2.4,29,0,8
Nick Scott,LAR,24,,16,0,1,1,23,23.0,0,1,23,0.1,1.4,100.0%,23.0,1,6,0,0,6,6.0,0.4,0.1,2,14.5,29,0,0
Cody Core,NYG,25,,16,0,5,3,28,9.3,0,2,11,0.2,1.8,60.0%,5.6,,,,0,,,,,3,9.3,28,0,0
Pharaoh Brown,CLE,25,TE,9,6,3,2,27,13.5,0,1,18,0.2,3.0,66.7%,9.0,,,,0,,,,,2,13.5,27,0,0
Andre Roberts*,BUF,31,,13,0,7,3,20,6.7,0,1,7,0.2,1.5,42.9%,2.9,1,7,0,0,7,7.0,0.5,0.1,4,6.8,27,0,1
Da'Mari Scott,NYG,24,,5,2,3,2,22,11.0,0,2,11,0.4,4.4,66.7%,7.3,1,5,0,0,5,5.0,1.0,0.2,3,9.0,27,0,0
Cam Sims,WAS,23,,7,1,3,2,27,13.5,0,1,15,0.3,3.9,66.7%,9.0,,,,0,,,,,2,13.5,27,0,0
Ryan Switzer,PIT,25,,9,0,11,8,27,3.4,0,2,8,0.9,3.0,72.7%,2.5,,,,0,,,,,8,3.4,27,0,1
Dalyn Dawkins,TEN,25,,2,0,1,0,0,,0,0,0,0.0,0.0,0.0%,0.0,11,26,0,2,14,2.4,13.0,5.5,11,2.4,26,0,0
Tanner Hudson,TAM,25,,9,1,5,2,26,13.0,0,1,14,0.2,2.9,40.0%,5.2,,,,0,,,,,2,13.0,26,0,0
Johnny Mundt,LAR,25,,13,2,7,4,26,6.5,0,1,9,0.3,2.0,57.1%,3.7,,,,0,,,,,4,6.5,26,0,0
Russell Shepard,NYG,29,,3,0,8,3,25,8.3,0,1,12,1.0,8.3,37.5%,3.1,,,,0,,,,,3,8.3,25,0,0
Nick Bellore,SEA,30,,14,1,2,2,23,11.5,1,2,20,0.1,1.6,100.0%,11.5,,,,0,,,,,2,11.5,23,1,0
Nick Foles,JAX,30,,4,4,0,0,0,,0,0,0,0.0,0.0,0.0%,,4,23,0,2,13,5.8,5.8,1.0,4,5.8,23,0,2
T.J. Logan,TAM,25,,12,0,3,2,13,6.5,0,1,11,0.2,1.1,66.7%,4.3,3,10,0,0,6,3.3,0.8,0.3,5,4.6,23,0,0
Michael Crabtree,ARI,32,,2,1,5,4,22,5.5,0,0,9,2.0,11.0,80.0%,4.4,,,,0,,,,,4,5.5,22,0,0
Will Grier,CAR,24,,2,2,0,0,0,,0,0,0,0.0,0.0,0.0%,,7,22,0,2,11,3.1,11.0,3.5,7,3.1,22,0,1
Wes Hills,DET,24,,1,1,2,2,1,0.5,0,0,2,2.0,1.0,100.0%,0.5,10,21,2,3,15,2.1,21.0,10.0,12,1.8,22,2,0
Fred Brown,DEN,26,,13,1,3,2,21,10.5,0,1,16,0.2,1.6,66.7%,7.0,,,,0,,,,,2,10.5,21,0,1
Tyler Ervin ,2TM,26,,10,0,4,2,11,5.5,0,1,6,0.2,1.1,50.0%,2.8,1,10,0,1,10,10.0,1.0,0.1,3,7.0,21,0,2
Chris Moore,BAL,26,,14,1,5,3,21,7.0,0,0,13,0.2,1.5,60.0%,4.2,1,0,0,0,0,0.0,0.0,0.1,4,5.3,21,0,0
Eric Saubert,CHI,25,,2,0,3,2,21,10.5,0,1,11,1.0,10.5,66.7%,7.0,,,,0,,,,,2,10.5,21,0,0
Keith Smith,ATL,27,fb,16,5,3,1,13,13.0,0,1,13,0.1,0.8,33.3%,4.3,5,8,0,4,3,1.6,0.5,0.3,6,3.5,21,0,0
Josh Bellamy,NYJ,30,,7,0,3,2,20,10.0,0,1,15,0.3,2.9,66.7%,6.7,,,,0,,,,,2,10.0,20,0,0
Joe Flacco,DEN,34,QB,8,8,0,0,0,,0,0,0,0.0,0.0,0.0%,,12,20,0,4,9,1.7,2.5,1.5,12,1.7,20,0,8
Marqise Lee ,JAX,28,,6,1,4,3,18,6.0,0,2,8,0.5,3.0,75.0%,4.5,1,1,0,0,1,1.0,0.2,0.2,4,4.8,19,0,0
Donte Moncrief,2TM,26,,8,2,15,4,18,4.5,0,1,11,0.5,2.3,26.7%,1.2,,,,0,,,,,4,4.5,18,0,0
Stanley Morgan Jr.,CIN,23,,11,0,10,3,18,6.0,0,0,9,0.3,1.6,30.0%,1.8,,,,0,,,,,3,6.0,18,0,0
Alex Armah,CAR,25,,16,1,2,2,6,3.0,0,0,4,0.1,0.4,100.0%,3.0,6,11,1,1,4,1.8,0.7,0.4,8,2.1,17,1,0
Nick Bawden,DET,23,,10,2,6,4,17,4.3,0,1,10,0.4,1.7,66.7%,2.8,,,,0,,,,,4,4.3,17,0,0
Robert Davis,2TM,24,,6,3,5,2,17,8.5,0,2,11,0.3,2.8,40.0%,3.4,,,,0,,,,,2,8.5,17,0,0
Ashton Dulin,IND,22,,13,0,2,2,17,8.5,0,0,13,0.2,1.3,100.0%,8.5,,,,0,,,,,2,8.5,17,0,0
Darius Jennings,TEN,27,,8,0,5,2,17,8.5,0,2,11,0.3,2.1,40.0%,3.4,,,,0,,,,,2,8.5,17,0,0
Zach Zenner,3TM,28,,5,0,3,2,19,9.5,0,2,13,0.4,3.8,66.7%,6.3,3,-2,0,0,1,-0.7,-0.4,0.6,5,3.4,17,0,0
Rashard Davis,TEN,25,,1,0,1,1,16,16.0,0,1,16,1.0,16.0,100.0%,16.0,,,,0,,,,,1,16.0,16,0,0
Samaje Perine,2TM,24,,7,0,0,0,0,,0,0,0,0.0,0.0,0.0%,,5,16,0,1,9,3.2,2.3,0.7,5,3.2,16,0,0
Ventell Bryant ,DAL,23,,12,0,1,1,15,15.0,1,1,15,0.1,1.3,100.0%,15.0,,,,0,,,,,1,15.0,15,1,0
Josh Oliver ,JAX,22,,4,1,6,3,15,5.0,0,0,6,0.8,3.8,50.0%,2.5,,,,0,,,,,3,5.0,15,0,0
Michael Walker,JAX,23,,7,0,3,2,15,7.5,0,1,9,0.3,2.1,66.7%,5.0,,,,0,,,,,2,7.5,15,0,2
Ryan Grant,OAK,29,,2,1,9,4,14,3.5,0,1,9,2.0,7.0,44.4%,1.6,,,,0,,,,,4,3.5,14,0,0
Colt McCoy,WAS,33,,1,1,0,0,0,,0,0,0,0.0,0.0,0.0%,,2,14,0,1,9,7.0,14.0,2.0,2,7.0,14,0,2
Mike Thomas,LAR,25,,16,0,5,2,14,7.0,0,1,9,0.1,0.9,40.0%,2.8,,,,0,,,,,2,7.0,14,0,0
Cethan Carter ,CIN,24,,15,0,3,2,13,6.5,1,2,8,0.1,0.9,66.7%,4.3,,,,0,,,,,2,6.5,13,1,0
Cody Hollister ,TEN,26,,5,0,2,2,13,6.5,0,0,11,0.4,2.6,100.0%,6.5,,,,0,,,,,2,6.5,13,0,0
Isaac Nauta,DET,22,,6,0,3,2,13,6.5,0,1,10,0.3,2.2,66.7%,4.3,,,,0,,,,,2,6.5,13,0,0
Josh Rosen,MIA,22,,6,3,0,0,0,,0,0,0,0.0,0.0,0.0%,,3,13,0,0,6,4.3,2.2,0.5,3,4.3,13,0,1
Josh Adams,NYJ,23,,3,0,0,0,0,,0,0,0,0.0,0.0,0.0%,,8,12,0,1,10,1.5,4.0,2.7,8,1.5,12,0,0
Sean Culkin,LAC,26,,4,2,2,1,12,12.0,0,1,12,0.3,3.0,50.0%,6.0,,,,0,,,,,1,12.0,12,0,0
Damien Harris ,NWE,22,,2,0,0,0,0,,0,0,0,0.0,0.0,0.0%,,4,12,0,0,13,3.0,6.0,2.0,4,3.0,12,0,0
Case Keenum,WAS,31,QB,10,8,0,0,0,,0,0,0,0.0,0.0,0.0%,,9,12,1,2,9,1.3,1.2,0.9,9,1.3,12,1,6
Jeff Smith,NYJ,22,,1,0,2,1,12,12.0,0,1,12,1.0,12.0,50.0%,6.0,,,,0,,,,,1,12.0,12,0,0
Antony Auclair,TAM,26,te,8,5,3,1,11,11.0,0,1,11,0.1,1.4,33.3%,3.7,,,,0,,,,,1,11.0,11,0,0
Kevin Byard ,TEN,26,FS,16,16,1,1,11,11.0,0,1,11,0.1,0.7,100.0%,11.0,,,,0,,,,,1,11.0,11,0,0
John Franklin,TAM,25,,1,0,0,0,0,,0,0,0,0.0,0.0,0.0%,,1,11,0,1,11,11.0,11.0,1.0,1,11.0,11,0,0
Chris Manhertz,CAR,27,te,15,6,1,1,11,11.0,0,1,11,0.1,0.7,100.0%,11.0,,,,0,,,,,1,11.0,11,0,0
Scott Simonson,NYG,27,,5,1,2,2,11,5.5,0,1,10,0.4,2.2,100.0%,5.5,,,,0,,,,,2,5.5,11,0,0
De'Anthony Thomas,2TM,26,,14,0,2,1,6,6.0,0,0,6,0.1,0.4,50.0%,3.0,2,5,0,1,4,2.5,0.4,0.1,3,3.7,11,0,3
John Ursua,SEA,25,,3,0,1,1,11,11.0,0,1,11,0.3,3.7,100.0%,11.0,,,,0,,,,,1,11.0,11,0,0
Dexter Williams,GNB,22,,4,0,0,0,0,,0,0,0,0.0,0.0,0.0%,,5,11,0,0,5,2.2,2.8,1.3,5,2.2,11,0,0
Buddy Howell ,HOU,23,,16,0,0,0,0,,0,0,0,0.0,0.0,0.0%,,5,10,0,1,4,2.0,0.6,0.3,5,2.0,10,0,0
Levine Toilolo,SFO,28,,13,0,2,2,10,5.0,0,0,8,0.2,0.8,100.0%,5.0,,,,0,,,,,2,5.0,10,0,0
Austin Carr,NOR,26,,6,3,4,1,9,9.0,0,1,9,0.2,1.5,25.0%,2.3,,,,0,,,,,1,9.0,9,0,0
Josh Ferguson,WAS,26,,2,0,0,0,0,,0,0,0,0.0,0.0,0.0%,,3,9,0,1,7,3.0,4.5,1.5,3,3.0,9,0,0
John Kelly,LAR,23,,4,0,0,0,0,,0,0,0,0.0,0.0,0.0%,,3,9,0,0,6,3.0,2.3,0.8,3,3.0,9,0,0
Ben Koyack,JAX,26,te,11,6,3,1,9,9.0,0,0,9,0.1,0.8,33.3%,3.0,,,,0,,,,,1,9.0,9,0,0
Jordan Scarlett,CAR,23,,9,0,0,0,0,,0,0,0,0.0,0.0,0.0%,,4,9,0,0,6,2.3,1.0,0.4,4,2.3,9,0,0
Ryan Nall,CHI,24,,8,0,0,0,0,,0,0,0,0.0,0.0,0.0%,,2,8,0,1,7,4.0,1.0,0.3,2,4.0,8,0,0
Ricky Ortiz,NOR,25,,1,0,1,1,8,8.0,0,0,8,1.0,8.0,100.0%,8.0,,,,0,,,,,1,8.0,8,0,0
Jordan Thomas,HOU,23,,5,2,3,1,8,8.0,0,0,8,0.2,1.6,33.3%,2.7,,,,0,,,,,1,8.0,8,0,0
Jamal Agnew,DET,24,,13,0,2,1,-2,-2.0,0,0,-2,0.1,-0.2,50.0%,-1.0,1,9,0,1,9,9.0,0.7,0.1,2,3.5,7,0,1
Tony Brooks-James,PIT,25,,3,0,0,0,0,,0,0,0,0.0,0.0,0.0%,,8,7,0,0,8,0.9,2.3,2.7,8,0.9,7,0,0
Cody Davis ,JAX,30,,16,0,1,1,7,7.0,0,1,7,0.1,0.4,100.0%,7.0,,,,0,,,,,1,7.0,7,0,0
Dwayne Harris,OAK,32,,3,0,1,1,7,7.0,0,0,7,0.3,2.3,100.0%,7.0,,,,0,,,,,1,7.0,7,0,0
Chris Herndon,NYJ,23,,1,0,2,1,7,7.0,0,0,7,1.0,7.0,50.0%,3.5,,,,0,,,,,1,7.0,7,0,0
Eli Manning,NYG,38,,4,4,0,0,0,,0,0,0,0.0,0.0,0.0%,,4,7,0,1,6,1.8,1.8,1.0,4,1.8,7,0,3
Ben Roethlisberger,PIT,37,,2,2,0,0,0,,0,0,0,0.0,0.0,0.0%,,1,7,0,0,7,7.0,3.5,0.5,1,7.0,7,0,1
Tyrod Taylor ,LAC,30,,8,0,1,0,0,,0,0,0,0.0,0.0,0.0%,0.0,10,7,0,1,9,0.7,0.9,1.3,10,0.7,7,0,0
Chase Daniel,CHI,33,,3,1,0,0,0,,0,0,0,0.0,0.0,0.0%,,6,6,0,2,4,1.0,2.0,2.0,6,1.0,6,0,0
Dalton Schultz,DAL,23,,16,0,2,1,6,6.0,0,0,6,0.1,0.4,50.0%,3.0,,,,0,,,,,1,6.0,6,0,0
Jaleel Scott,BAL,24,,3,0,3,1,6,6.0,0,0,6,0.3,2.0,33.3%,2.0,,,,0,,,,,1,6.0,6,0,0
De'Lance Turner,MIA,24,,8,0,0,0,0,,0,0,0,0.0,0.0,0.0%,,4,6,0,0,5,1.5,0.8,0.5,4,1.5,6,0,0
Jakob Johnson,NWE,25,FB,4,3,2,1,5,5.0,0,0,5,0.3,1.3,50.0%,2.5,,,,0,,,,,1,5.0,5,0,0
Charles Jones,JAX,23,,4,0,1,1,5,5.0,0,0,5,0.3,1.3,100.0%,5.0,,,,0,,,,,1,5.0,5,0,0
Colin Jones,CAR,32,,16,0,0,0,0,,0,0,0,0.0,0.0,0.0%,,1,5,0,1,5,5.0,0.3,0.1,1,5.0,5,0,0
Tyrone Swoopes,SEA,25,,5,2,1,1,5,5.0,0,0,5,0.2,1.0,100.0%,5.0,,,,0,,,,,1,5.0,5,0,0
Darrell Daniels,ARI,25,,11,0,3,1,4,4.0,0,1,4,0.1,0.4,33.3%,1.3,,,,0,,,,,1,4.0,4,0,0
Zach Gentry,PIT,23,,4,0,1,1,4,4.0,0,1,4,0.3,1.0,100.0%,4.0,,,,0,,,,,1,4.0,4,0,0
Erik Harris,OAK,29,FS,16,14,0,0,0,,0,0,0,0.0,0.0,0.0%,,1,4,0,1,4,4.0,0.3,0.1,1,4.0,4,0,0
Krishawn Hogan,NOR,24,,8,0,1,1,4,4.0,0,0,4,0.1,0.5,100.0%,4.0,,,,0,,,,,1,4.0,4,0,0
Alfred Morris ,ARI,31,,1,0,0,0,0,,0,0,0,0.0,0.0,0.0%,,1,4,0,1,4,4.0,4.0,1.0,1,4.0,4,0,0
Roosevelt Nix,PIT,27,,3,0,3,2,4,2.0,0,0,4,0.7,1.3,66.7%,1.3,,,,0,,,,,2,2.0,4,0,0
Senorise Perry ,BUF,28,,11,0,1,1,1,1.0,0,0,1,0.1,0.1,100.0%,1.0,3,3,0,0,6,1.0,0.3,0.3,4,1.0,4,0,0
James Develin,NWE,31,,2,2,0,0,0,,0,0,0,0.0,0.0,0.0%,,2,3,0,1,2,1.5,1.5,1.0,2,1.5,3,0,0
Cyril Grayson,TAM,26,,2,0,1,1,3,3.0,0,0,3,0.5,1.5,100.0%,3.0,,,,0,,,,,1,3.0,3,0,0
Xavier Grimble,PIT,27,,3,1,3,1,3,3.0,0,0,3,0.3,1.0,33.3%,1.0,,,,0,,,,,1,3.0,3,0,0
Matt Haack,MIA,25,,16,0,0,0,0,,0,0,0,0.0,0.0,0.0%,,1,2,0,1,2,2.0,0.1,0.1,1,2.0,2,0,0
Brian Hoyer,IND,34,,4,1,0,0,0,,0,0,0,0.0,0.0,0.0%,,8,2,0,0,6,0.3,0.5,2.0,8,0.3,2,0,2
Dion Dawkins,BUF,25,LT,16,16,1,1,1,1.0,1,1,1,0.1,0.1,100.0%,1.0,,,,0,,,,,1,1.0,1,1,0
Dennis Kelly,TEN,29,,15,4,1,1,1,1.0,1,1,1,0.1,0.1,100.0%,1.0,,,,0,,,,,1,1.0,1,1,0
Trace McSorley,BAL,24,,1,0,0,0,0,,0,0,0,0.0,0.0,0.0%,,1,1,0,1,1,1.0,1.0,1.0,1,1.0,1,0,0
David Quessenberry ,TEN,29,,4,0,1,1,1,1.0,1,1,1,0.3,0.3,100.0%,1.0,,,,0,,,,,1,1.0,1,1,0
Jason Sanders,MIA,24,,16,0,1,1,1,1.0,1,1,1,0.1,0.1,100.0%,1.0,,,,0,,,,,1,1.0,1,1,0
Darrius Shepherd,GNB,24,,6,0,2,1,1,1.0,0,0,1,0.2,0.2,50.0%,0.5,,,,0,,,,,1,1.0,1,0,1
Eric Tomlinson,3TM,27,,8,3,1,1,1,1.0,0,0,1,0.1,0.1,100.0%,1.0,,,,0,,,,,1,1.0,1,0,0
Vita Vea,TAM,24,NT,16,1,1,1,1,1.0,1,1,1,0.1,0.1,100.0%,1.0,,,,0,,,,,1,1.0,1,1,0
Christian Wilkins,MIA,24,RDE,16,14,1,1,1,1.0,1,1,1,0.1,0.1,100.0%,1.0,,,,0,,,,,1,1.0,1,1,1
