Player,Scrim yds,TOT TD,Fmbl,Rec,Tgt,Att,Age,Rush yds,Rec yds,Yds/rec,Rec TD,Rec 1D,Catch %,Rushing TD,Rush 1D,Rush long,Rec long,Yards/att,Touch,Yards/touch,Scrim yds,TOT TD,Fmbl,Rec,Tgt,Att,Age,Rush yds,Rec yds,Yds/rec,Rec TD,Rec 1D,Catch %,Rushing TD,Rush 1D,Rush long,Rec long,Yards/att,Touch,Yards/touch
Christian McCaffrey +,95.34375,0.625,0.1875,5.84375,7.40625,10.5,21.5,47.90625,47.4375,8.1,0.34375,2.4375,78.55,0.28125,2.34375,49.5,37.5,4.35,16.34375,5.75
Ezekiel Elliott,130.12,0.72,0.28,4.12,5.32,21.84,22.5,96.68,33.44,8.850000000000001,0.2,1.2,74.75,0.52,5.64,35.5,55.0,4.4,25.96,5.0
Nick Chubb,71.5625,0.625,0.0,1.25,1.8125,12.0,23.0,62.25,9.3125,7.5,0.125,0.3125,69.0,0.5,2.9375,92.0,24.0,5.2,13.25,5.4
Derrick Henry ,63.6875,0.5625,0.0625,0.8125,1.09375,12.21875,23.5,56.34375,7.34375,9.5,0.03125,0.25,74.0,0.53125,2.84375,87.0,43.5,4.550000000000001,13.03125,4.85
Michael Thomas+,82.8125,0.4375,0.0625,7.15625,9.25,0.0,24.5,0.0,82.8125,11.6,0.4375,4.78125,77.4,0.0,0.0,0.0,57.5,0.0,7.15625,11.6
Leonard Fournette ,93.61904761904762,0.7619047619047619,0.09523809523809523,2.761904761904762,3.5238095238095237,19.095238095238095,22.5,70.42857142857143,23.19047619047619,8.4,0.09523809523809523,1.3333333333333333,79.8,0.6666666666666666,3.5238095238095237,57.5,29.5,3.5999999999999996,21.857142857142858,4.2
Dalvin Cook,90.93333333333334,0.4,0.2,3.4,4.333333333333333,13.8,22.5,64.6,26.333333333333332,7.8999999999999995,0.13333333333333333,1.2,75.19999999999999,0.26666666666666666,2.533333333333333,51.5,31.5,4.699999999999999,17.2,5.25
Aaron Jones,58.5,0.5416666666666666,0.041666666666666664,1.4583333333333333,2.2083333333333335,8.916666666666666,23.5,49.0,9.5,5.15,0.041666666666666664,0.5833333333333334,62.15,0.5,2.6666666666666665,56.5,16.5,5.5,10.375,5.550000000000001
Austin Ekeler,49.9,0.36666666666666664,0.1,2.2,2.933333333333333,5.1,22.5,27.133333333333333,22.766666666666666,10.350000000000001,0.2,1.0333333333333334,75.35,0.16666666666666666,1.2666666666666666,38.0,41.0,5.35,7.3,6.949999999999999
Chris Carson,87.83333333333333,0.5555555555555556,0.16666666666666666,1.5,1.7777777777777777,16.444444444444443,23.5,75.5,12.333333333333334,8.3,0.05555555555555555,0.5555555555555556,85.4,0.5,4.111111111111111,45.5,18.5,4.45,17.944444444444443,4.85
Saquon Barkley,126.75,0.9375,0.0,5.6875,7.5625,16.3125,21.0,81.6875,45.0625,7.9,0.25,1.875,75.2,0.6875,3.125,78.0,57.0,5.0,22.0,5.8
Joe Mixon,84.89285714285714,0.4642857142857143,0.10714285714285714,2.607142857142857,3.1785714285714284,14.821428571428571,21.5,64.07142857142857,20.821428571428573,8.25,0.03571428571428571,0.8571428571428571,83.2,0.42857142857142855,3.5357142857142856,38.0,44.0,4.2,17.428571428571427,4.800000000000001
Julio Jones ,98.375,0.34375,0.0625,6.28125,9.9375,0.09375,28.5,0.84375,97.53125,15.6,0.34375,4.59375,63.0,0.0,0.0625,13.0,55.5,10.5,6.375,15.549999999999999
Chris Godwin,42.71875,0.25,0.125,2.90625,4.6875,0.0,21.5,0.0,42.71875,14.850000000000001,0.25,2.34375,61.95,0.0,0.0,0.0,59.0,0.0,2.90625,14.850000000000001
Alvin Kamara,101.48387096774194,1.0,0.06451612903225806,5.225806451612903,6.612903225806452,10.129032258064516,22.5,51.96774193548387,49.516129032258064,9.5,0.2903225806451613,2.4193548387096775,79.05,0.7096774193548387,3.4193548387096775,61.5,41.0,5.35,15.35483870967742,6.75
Mark Ingram,84.10714285714286,0.6785714285714286,0.21428571428571427,2.8214285714285716,3.5,13.142857142857142,28.5,63.17857142857143,20.928571428571427,7.65,0.03571428571428571,0.8571428571428571,79.75,0.6428571428571429,3.2142857142857144,55.0,41.0,4.800000000000001,15.964285714285714,5.199999999999999
Le'Veon Bell,141.85185185185185,0.7407407407407407,0.25925925925925924,5.925925925925926,7.407407407407407,21.555555555555557,24.5,94.77777777777777,47.074074074074076,7.949999999999999,0.14814814814814814,2.3703703703703702,80.0,0.5925925925925926,5.222222222222222,35.5,37.0,4.45,27.48148148148148,5.199999999999999
Robert Woods,77.46428571428571,0.42857142857142855,0.03571428571428571,5.071428571428571,7.678571428571429,0.75,25.5,6.035714285714286,71.42857142857143,14.05,0.39285714285714285,3.9285714285714284,66.05000000000001,0.03571428571428571,0.32142857142857145,32.0,66.5,7.15,5.821428571428571,13.399999999999999
Travis Kelce,76.80645161290323,0.5806451612903226,0.06451612903225806,6.0,8.774193548387096,0.06451612903225806,28.5,0.22580645161290322,76.58064516129032,12.75,0.5806451612903226,4.129032258064516,68.35,0.0,0.06451612903225806,2.0,43.5,1.75,6.064516129032258,12.65
Keenan Allen,87.55555555555556,0.4444444444444444,0.1111111111111111,8.11111111111111,10.666666666666666,0.0,23.5,0.0,87.55555555555556,10.65,0.4444444444444444,4.444444444444445,80.5,0.0,0.0,0.0,26.5,0.0,8.11111111111111,10.65
D.J. Moore,60.0,0.125,0.25,3.4375,5.125,0.8125,21.0,10.75,49.25,14.3,0.125,2.0625,67.1,0.0,0.375,32.0,82.0,13.2,4.25,14.1
Phillip Lindsay,85.2,0.6666666666666666,0.0,2.3333333333333335,3.1333333333333333,12.8,24.0,69.13333333333334,16.066666666666666,6.9,0.06666666666666667,0.8,74.5,0.6,3.2666666666666666,65.0,29.0,5.4,15.133333333333333,5.6
DeVante Parker,40.791666666666664,0.08333333333333333,0.041666666666666664,3.375,5.958333333333333,0.0,24.5,0.0,40.791666666666664,12.350000000000001,0.08333333333333333,2.0,55.25,0.0,0.0,0.0,41.0,0.0,3.375,12.350000000000001
Amari Cooper,58.93103448275862,0.4827586206896552,0.10344827586206896,4.241379310344827,7.0,0.10344827586206896,23.5,0.8275862068965517,58.10344827586207,13.8,0.4827586206896552,2.9655172413793105,60.05,0.0,0.06896551724137931,7.5,88.5,7.0,4.344827586206897,13.65
Stefon Diggs,67.06896551724138,0.5862068965517241,0.0,5.724137931034483,8.413793103448276,0.6206896551724138,24.5,2.586206896551724,64.48275862068965,11.65,0.5862068965517241,3.1379310344827585,67.95,0.0,0.13793103448275862,14.5,67.0,3.9000000000000004,6.344827586206897,10.85
Kenny Golladay,59.88461538461539,0.3076923076923077,0.038461538461538464,3.769230769230769,6.423076923076923,0.07692307692307693,24.5,0.6538461538461539,59.23076923076923,16.1,0.3076923076923077,2.8076923076923075,58.55,0.0,0.0,8.5,57.0,8.5,3.8461538461538463,15.95
Jarvis Landry,63.0,0.4375,0.15625,6.03125,9.6875,0.125,25.5,1.65625,61.34375,10.4,0.40625,3.3125,62.0,0.03125,0.0625,22.0,50.0,6.5,6.15625,10.5
DeAndre Hopkins+,94.93548387096774,0.7741935483870968,0.0967741935483871,6.806451612903226,10.870967741935484,0.03225806451612903,25.5,-0.22580645161290322,95.16129032258064,14.05,0.7741935483870968,4.967741935483871,62.9,0.0,0.0,-3.5,60.5,-3.5,6.838709677419355,13.95
Marlon Mack,61.30769230769231,0.5384615384615384,0.11538461538461539,1.4615384615384615,2.269230769230769,11.076923076923077,21.5,48.69230769230769,12.615384615384615,8.399999999999999,0.07692307692307693,0.5,64.5,0.46153846153846156,3.076923076923077,42.0,31.5,4.25,12.538461538461538,4.949999999999999
Cooper Kupp,63.47826086956522,0.4782608695652174,0.043478260869565216,4.434782608695652,6.478260869565218,0.17391304347826086,24.5,1.0869565217391304,62.391304347826086,14.1,0.4782608695652174,2.9130434782608696,69.35,0.0,0.13043478260869565,6.0,67.0,3.15,4.608695652173913,13.7
Kenyan Drake,59.21875,0.40625,0.125,2.65625,3.78125,7.90625,23.5,36.84375,22.375,8.25,0.1875,0.9375,69.65,0.21875,1.53125,60.0,49.5,4.65,10.5625,5.6
Mike Evans,81.45161290322581,0.41935483870967744,0.0967741935483871,5.064516129032258,8.838709677419354,0.0,24.5,0.0,81.45161290322581,15.899999999999999,0.41935483870967744,3.967741935483871,57.25,0.0,0.0,0.0,57.0,0.0,5.064516129032258,15.899999999999999
Darren Waller,11.3125,0.125,0.0,1.0,1.4375,0.0625,25.0,1.3125,10.0,10.5,0.125,0.6875,79.4,0.0,0.0625,10.5,29.5,10.5,1.0625,11.1
Allen Robinson,55.714285714285715,0.2857142857142857,0.07142857142857142,4.0,6.785714285714286,0.07142857142857142,24.5,0.6428571428571429,55.07142857142857,15.35,0.2857142857142857,3.0,79.25,0.0,0.0,4.5,30.0,4.5,4.071428571428571,15.3
Julian Edelman,75.71428571428571,0.32142857142857145,0.14285714285714285,6.142857142857143,9.535714285714286,0.75,31.0,5.857142857142857,69.85714285714286,11.4,0.32142857142857145,4.25,65.05,0.0,0.35714285714285715,14.5,56.5,8.35,6.892857142857143,11.05
Courtland Sutton,43.9375,0.25,0.0,2.625,5.25,0.0625,23.0,-0.0625,44.0,16.8,0.25,1.875,50.0,0.0,0.0,-1.0,42.0,-1.0,2.6875,16.3
Carlos Hyde,63.06666666666667,0.43333333333333335,0.13333333333333333,2.3,3.466666666666667,13.733333333333333,27.5,50.3,12.766666666666667,4.6,0.0,0.6,64.75,0.43333333333333335,2.5,41.5,13.5,3.5999999999999996,16.033333333333335,3.8
Michael Gallup,31.6875,0.125,0.0,2.0625,4.25,0.0,22.0,0.0,31.6875,15.4,0.125,1.625,48.5,0.0,0.0,0.0,49.0,0.0,2.0625,15.4
George Kittle+,61.354838709677416,0.22580645161290322,0.0,4.225806451612903,6.419354838709677,0.03225806451612903,24.5,0.3225806451612903,61.03225806451613,13.8,0.22580645161290322,2.7096774193548385,66.5,0.0,0.03225806451612903,5.0,64.5,5.0,4.258064516129032,13.8
Tyler Boyd,52.333333333333336,0.375,0.0,4.083333333333333,5.833333333333333,0.08333333333333333,23.5,0.125,52.208333333333336,11.85,0.375,2.8333333333333335,69.6,0.0,0.0,2.5,49.0,0.75,4.166666666666667,11.7
John Brown,39.53846153846154,0.3076923076923077,0.0,2.423076923076923,5.846153846153846,0.15384615384615385,27.5,0.5384615384615384,39.0,15.6,0.3076923076923077,1.6538461538461537,40.75,0.0,0.038461538461538464,6.5,61.5,5.65,2.576923076923077,15.0
Devonta Freeman ,79.5625,0.5,0.25,2.5625,3.375,13.125,25.5,58.3125,21.25,6.7,0.0625,1.125,74.0,0.4375,3.5625,32.0,21.5,4.65,15.6875,4.949999999999999
Todd Gurley,135.31034482758622,1.3793103448275863,0.20689655172413793,4.241379310344827,5.793103448275862,18.448275862068964,23.5,88.13793103448276,47.172413793103445,11.05,0.3448275862068966,2.0344827586206895,73.19999999999999,1.0344827586206897,4.9655172413793105,46.5,68.0,4.800000000000001,22.689655172413794,5.949999999999999
Tyler Lockett,51.46875,0.375,0.0625,3.1875,4.40625,0.71875,25.5,3.96875,47.5,14.6,0.375,2.0,72.4,0.0,0.25,20.0,63.0,5.55,3.90625,12.95
Odell Beckham Jr.,86.3125,0.5625,0.125,6.375,10.3125,0.375,25.5,1.6875,84.625,12.899999999999999,0.5625,4.0,61.55,0.0,0.125,9.5,49.5,5.9,6.75,12.5
Adrian Peterson,71.11538461538461,0.38461538461538464,0.23076923076923078,1.1923076923076923,1.7307692307692308,15.653846153846153,32.5,60.42307692307692,10.692307692307692,8.4,0.038461538461538464,0.34615384615384615,67.4,0.34615384615384615,1.8076923076923077,58.5,32.5,3.8,16.846153846153847,4.1
Ronald Jones II,8.555555555555555,0.1111111111111111,0.0,0.7777777777777778,1.0,2.5555555555555554,21.0,4.888888888888889,3.6666666666666665,4.7,0.0,0.2222222222222222,77.8,0.1111111111111111,0.2222222222222222,9.0,15.0,1.9,3.3333333333333335,2.6
DJ Chark,15.818181818181818,0.0,0.09090909090909091,1.2727272727272727,2.909090909090909,0.0,22.0,0.0,15.818181818181818,12.4,0.0,0.5454545454545454,43.8,0.0,0.0,0.0,38.0,0.0,1.2727272727272727,12.4
Sony Michel,75.46153846153847,0.46153846153846156,0.07692307692307693,0.5384615384615384,0.8461538461538461,16.076923076923077,23.0,71.61538461538461,3.8461538461538463,7.1,0.0,0.23076923076923078,63.6,0.46153846153846156,5.615384615384615,34.0,13.0,4.5,16.615384615384617,4.5
Mike Williams ,30.26923076923077,0.4230769230769231,0.0,2.076923076923077,3.423076923076923,0.2692307692307692,23.5,1.0769230769230769,29.192307692307693,12.0,0.38461538461538464,1.8846153846153846,56.5,0.038461538461538464,0.07692307692307693,9.5,37.5,2.0,2.3461538461538463,11.2
Davante Adams,78.3103448275862,0.7931034482758621,0.0,6.379310344827586,9.862068965517242,0.0,25.5,0.0,78.3103448275862,12.25,0.7931034482758621,3.793103448275862,64.45,0.0,0.0,0.0,56.0,0.0,6.379310344827586,12.25
Raheem Mostert,15.8,0.05,0.1,0.3,0.35,2.0,25.5,14.55,1.25,2.1,0.0,0.05,42.85,0.05,0.7,34.0,11.5,6.35,2.3,6.1
Zach Ertz,66.23333333333333,0.5333333333333333,0.06666666666666667,6.333333333333333,8.866666666666667,0.0,27.5,0.0,66.23333333333333,10.55,0.5333333333333333,3.933333333333333,70.85,0.0,0.0,0.0,43.5,0.0,6.333333333333333,10.55
Melvin Gordon,83.29629629629629,0.4444444444444444,0.2962962962962963,2.740740740740741,3.4814814814814814,16.22222222222222,22.5,60.666666666666664,22.62962962962963,8.0,0.07407407407407407,1.0740740740740742,80.55000000000001,0.37037037037037035,3.6296296296296298,37.5,26.5,3.7,18.962962962962962,4.3
James White ,59.2,0.5,0.0,4.766666666666667,6.5,4.566666666666666,25.5,19.866666666666667,39.333333333333336,8.15,0.3333333333333333,2.3666666666666667,74.25,0.16666666666666666,1.0333333333333334,18.5,34.5,4.25,9.333333333333334,6.3
Calvin Ridley,53.0,0.625,0.125,4.0,5.75,0.375,24.0,1.6875,51.3125,12.8,0.625,2.4375,69.6,0.0,0.0625,9.0,75.0,4.5,4.375,12.1
Tyreek Hill,92.64516129032258,0.6451612903225806,0.06451612903225806,5.225806451612903,7.806451612903226,1.2580645161290323,23.5,6.774193548387097,85.87096774193549,16.4,0.6129032258064516,3.4193548387096775,67.45,0.03225806451612903,0.3548387096774194,24.5,77.0,5.2,6.483870967741935,14.25
Latavius Murray,52.0,0.4375,0.03125,1.15625,1.34375,11.125,27.5,44.375,7.625,6.65,0.0,0.34375,86.4,0.4375,2.0625,42.0,22.0,4.0,12.28125,4.25
Emmanuel Sanders ,61.5,0.2916666666666667,0.041666666666666664,4.916666666666667,7.916666666666667,0.16666666666666666,30.5,2.2083333333333335,59.291666666666664,12.0,0.25,2.7916666666666665,61.75,0.041666666666666664,0.08333333333333333,17.5,51.0,6.65,5.083333333333333,12.05
Mark Andrews,34.5,0.1875,0.0,2.125,3.125,0.0,22.0,0.0,34.5,16.2,0.1875,1.8125,68.0,0.0,0.0,0.0,74.0,0.0,2.125,16.2
Randall Cobb,43.875,0.25,0.125,4.333333333333333,6.375,0.375,27.5,0.7083333333333334,43.166666666666664,10.0,0.25,2.0,67.0,0.0,0.041666666666666664,5.0,60.5,0.95,4.708333333333333,9.5
Jamison Crowder,51.708333333333336,0.20833333333333334,0.25,3.9583333333333335,6.333333333333333,0.4583333333333333,24.5,2.6666666666666665,49.041666666666664,12.7,0.20833333333333334,2.2083333333333335,61.65,0.0,0.08333333333333333,18.0,60.0,6.2,4.416666666666667,12.0
Duke Johnson,52.21875,0.3125,0.15625,3.78125,4.84375,3.8125,24.5,17.15625,35.0625,9.25,0.1875,1.78125,77.69999999999999,0.125,1.125,21.0,36.5,4.6,7.59375,6.95
Larry Fitzgerald,59.0625,0.375,0.03125,5.5625,8.53125,0.0,34.5,0.0,59.0625,10.6,0.375,3.25,64.65,0.0,0.0,0.0,37.0,0.0,5.5625,10.6
Christian Kirk,52.083333333333336,0.25,0.0,3.5833333333333335,5.666666666666667,0.25,22.0,2.9166666666666665,49.166666666666664,13.7,0.25,1.75,63.2,0.0,0.16666666666666666,23.0,75.0,11.7,3.8333333333333335,13.6
Austin Hooper,37.0625,0.21875,0.0,3.75,4.78125,0.0,23.5,0.0,37.0625,10.0,0.21875,1.5,78.05000000000001,0.0,0.0,0.0,62.0,0.0,3.75,10.0
Robby Anderson,56.46666666666667,0.43333333333333335,0.06666666666666667,3.7666666666666666,6.933333333333334,0.16666666666666666,24.5,0.03333333333333333,56.43333333333333,14.95,0.43333333333333335,2.2666666666666666,54.25,0.0,0.0,4.0,72.5,-0.5,3.933333333333333,14.350000000000001
Marvin Jones ,64.36,0.56,0.0,3.84,6.76,0.0,27.5,0.0,64.36,16.25,0.56,2.84,56.75,0.0,0.0,0.0,48.5,0.0,3.84,16.25
Cole Beasley,31.806451612903224,0.22580645161290322,0.0,3.2580645161290325,4.838709677419355,0.0,28.5,0.0,31.806451612903224,9.5,0.22580645161290322,2.0,65.9,0.0,0.0,0.0,43.0,0.0,3.2580645161290325,9.5
Chris Conley,24.238095238095237,0.23809523809523808,0.09523809523809523,2.0476190476190474,3.238095238095238,0.0,25.5,0.0,24.238095238095237,13.15,0.23809523809523808,1.2380952380952381,65.15,0.0,0.0,0.0,31.0,0.0,2.0476190476190474,13.15
Curtis Samuel ,34.40909090909091,0.3181818181818182,0.045454545454545456,2.4545454545454546,4.136363636363637,0.5454545454545454,21.5,6.7272727272727275,27.681818181818183,10.2,0.22727272727272727,1.3636363636363635,58.85,0.09090909090909091,0.2727272727272727,32.0,38.0,13.25,3.0,10.850000000000001
Gus Edwards ,67.0909090909091,0.18181818181818182,0.0,0.18181818181818182,0.18181818181818182,12.454545454545455,23.0,65.27272727272727,1.8181818181818181,10.0,0.0,0.09090909090909091,100.0,0.18181818181818182,3.3636363636363638,43.0,13.0,5.2,12.636363636363637,5.3
Royce Freeman,42.357142857142854,0.35714285714285715,0.07142857142857142,1.0,1.4285714285714286,9.285714285714286,22.0,37.214285714285715,5.142857142857143,5.1,0.0,0.14285714285714285,70.0,0.35714285714285715,2.142857142857143,24.0,9.0,4.0,10.285714285714286,4.1
Matt Breida,57.333333333333336,0.26666666666666666,0.06666666666666667,1.6,2.2333333333333334,8.6,22.5,42.63333333333333,14.7,9.149999999999999,0.1,0.7,72.69999999999999,0.16666666666666666,1.9666666666666666,49.5,29.0,4.85,10.2,5.55
James Washington,15.5,0.07142857142857142,0.0,1.1428571428571428,2.7142857142857144,0.0,22.0,0.0,15.5,13.6,0.07142857142857142,0.7857142857142857,42.1,0.0,0.0,0.0,47.0,0.0,1.1428571428571428,13.6
Tyler Higbee,18.34375,0.09375,0.03125,1.53125,2.46875,0.0,24.5,0.0,18.34375,12.0,0.09375,1.0,63.099999999999994,0.0,0.0,0.0,37.0,0.0,1.53125,12.0
Tevin Coleman,64.61290322580645,0.5483870967741935,0.0967741935483871,1.903225806451613,2.6774193548387095,10.419354838709678,24.5,46.064516129032256,18.548387096774192,9.85,0.25806451612903225,0.9032258064516129,70.95,0.2903225806451613,2.032258064516129,58.5,39.0,4.4,12.32258064516129,5.25
James Conner,59.77777777777778,0.48148148148148145,0.14814814814814814,2.037037037037037,2.6666666666666665,9.148148148148149,22.5,41.370370370370374,18.40740740740741,4.5,0.037037037037037035,0.7407407407407407,38.75,0.4444444444444444,2.2222222222222223,26.5,14.5,4.5,11.185185185185185,4.95
David Johnson,86.82352941176471,0.5882352941176471,0.29411764705882354,3.2941176470588234,5.0,15.823529411764707,26.5,56.64705882352941,30.176470588235293,10.05,0.17647058823529413,1.4705882352941178,66.25,0.4117647058823529,3.0,29.5,32.0,2.85,19.11764705882353,4.9
Jamaal Williams,46.625,0.28125,0.0,1.625,2.34375,8.5625,22.5,31.875,14.75,9.15,0.0625,0.71875,69.7,0.21875,1.78125,22.5,40.0,3.7,10.1875,4.6
Damien Williams ,27.85185185185185,0.25925925925925924,0.037037037037037035,1.5925925925925926,1.9259259259259258,3.5555555555555554,25.5,16.185185185185187,11.666666666666666,7.4,0.1111111111111111,0.9259259259259259,83.6,0.14814814814814814,1.2222222222222223,47.0,28.0,4.5,5.148148148148148,5.4
Jared Cook,49.5,0.25,0.03125,3.8125,5.84375,0.0,30.5,0.0,49.5,12.95,0.25,2.53125,65.05,0.0,0.0,0.0,40.0,0.0,3.8125,12.95
Frank Gore,68.4,0.16666666666666666,0.13333333333333333,1.3666666666666667,1.8,13.9,34.5,56.1,12.3,9.350000000000001,0.06666666666666667,0.5666666666666667,75.65,0.1,2.466666666666667,30.0,25.0,4.15,15.266666666666667,4.6
Golden Tate,59.806451612903224,0.2903225806451613,0.12903225806451613,5.354838709677419,7.516129032258065,0.2903225806451613,29.5,1.8064516129032258,58.0,10.8,0.2903225806451613,2.5806451612903225,71.1,0.0,0.0967741935483871,20.0,69.0,6.45,5.645161290322581,10.6
Dede Westbrook,50.17391304347826,0.2608695652173913,0.17391304347826086,4.043478260869565,6.608695652173913,0.391304347826087,24.5,4.260869565217392,45.91304347826087,11.75,0.2608695652173913,2.391304347826087,59.099999999999994,0.0,0.21739130434782608,21.5,45.0,5.45,4.434782608695652,11.75
Sammy Watkins,46.56,0.44,0.04,3.16,5.0,0.2,24.5,2.08,44.48,14.1,0.44,2.52,64.2,0.0,0.08,15.5,58.5,5.2,3.36,13.95
DeAndre Washington,18.96,0.12,0.12,1.4,1.84,3.48,24.5,10.72,8.24,7.4,0.04,0.6,87.8,0.08,0.72,12.0,12.0,3.25,4.88,3.9
Danny Amendola,41.06666666666667,0.1,0.13333333333333333,4.0,5.5,0.03333333333333333,32.5,-0.06666666666666667,41.13333333333333,10.25,0.1,2.2333333333333334,72.80000000000001,0.0,0.0,-1.0,33.0,-1.0,4.033333333333333,10.2
Will Fuller,55.0,0.6470588235294118,0.0,3.5294117647058822,5.588235294117647,0.11764705882352941,23.5,0.5294117647058824,54.470588235294116,15.399999999999999,0.6470588235294118,2.5294117647058822,63.55,0.0,0.0,2.5,66.0,2.25,3.6470588235294117,15.05
Tarik Cohen,59.125,0.34375,0.3125,3.875,5.0625,5.8125,22.5,25.4375,33.6875,8.45,0.1875,1.21875,76.3,0.15625,1.21875,39.0,70.0,4.4,9.6875,6.050000000000001
Breshad Perriman,19.952380952380953,0.09523809523809523,0.0,1.2380952380952381,2.857142857142857,0.19047619047619047,24.5,0.09523809523809523,19.857142857142858,14.5,0.09523809523809523,0.7619047619047619,46.3,0.0,0.0,3.5,40.0,0.25,1.4285714285714286,12.4
Anthony Miller,29.933333333333334,0.4666666666666667,0.06666666666666667,2.2,3.6,0.4,24.0,1.7333333333333334,28.2,12.8,0.4666666666666667,1.4,61.1,0.0,0.0,9.0,55.0,4.3,2.6,11.5
Hunter Henry ,31.866666666666667,0.5333333333333333,0.06666666666666667,2.4,3.533333333333333,0.0,22.0,0.0,31.866666666666667,13.3,0.5333333333333333,2.0,67.9,0.0,0.0,0.0,59.0,0.0,2.4,13.3
Tyrell Williams,43.625,0.28125,0.09375,2.625,4.1875,0.0625,25.5,0.46875,43.15625,16.4,0.28125,1.96875,62.7,0.0,0.03125,7.0,75.0,3.75,2.6875,16.2
Sterling Shepard,60.74074074074074,0.2222222222222222,0.07407407407407407,4.62962962962963,7.074074074074074,0.25925925925925924,24.5,1.3703703703703705,59.370370370370374,12.8,0.2222222222222222,3.074074074074074,65.95,0.0,0.07407407407407407,19.5,67.5,6.0,4.888888888888889,12.399999999999999
LeSean McCoy,77.93333333333334,0.36666666666666664,0.1,3.1,4.1,14.933333333333334,29.5,55.06666666666667,22.866666666666667,7.3,0.06666666666666667,1.1,75.25,0.3,2.6333333333333333,38.0,31.5,3.6,18.033333333333335,4.25
Brandin Cooks,74.8125,0.40625,0.03125,4.53125,7.21875,0.59375,24.5,3.375,71.4375,15.850000000000001,0.375,3.5,62.7,0.03125,0.25,15.0,60.5,5.6,5.125,14.649999999999999
Zach Pascal,17.375,0.125,0.0,1.6875,2.875,0.125,24.0,0.625,16.75,9.9,0.125,0.9375,58.7,0.0,0.0625,8.0,28.0,5.0,1.8125,9.6
Dallas Goedert,20.875,0.25,0.0,2.0625,2.75,0.0,23.0,0.0,20.875,10.1,0.25,1.0,75.0,0.0,0.0,0.0,32.0,0.0,2.0625,10.1
Corey Davis ,48.925925925925924,0.14814814814814814,0.07407407407407407,3.6666666666666665,6.555555555555555,0.2222222222222222,22.5,2.037037037037037,46.888888888888886,12.35,0.14814814814814814,2.3703703703703702,55.15,0.0,0.07407407407407407,19.5,44.0,4.6,3.888888888888889,12.15
Greg Olsen,30.125,0.3125,0.0,2.75,4.75,0.0,32.5,0.0,30.125,11.0,0.3125,1.9375,57.9,0.0,0.0,0.0,26.5,0.0,2.75,11.0
Jordan Howard,72.71875,0.5625,0.09375,1.34375,1.8125,16.4375,23.5,64.28125,8.4375,6.35,0.0,0.34375,74.4,0.5625,3.75,47.5,15.0,3.9,17.78125,4.1
Peyton Barber,46.875,0.28125,0.09375,1.125,1.5,10.6875,23.5,40.4375,6.4375,5.85,0.03125,0.25,76.6,0.25,2.0625,31.0,22.0,3.8,11.8125,4.05
Rex Burkhead ,46.388888888888886,0.5,0.16666666666666666,2.4444444444444446,3.111111111111111,6.722222222222222,27.5,25.0,21.38888888888889,8.95,0.2222222222222222,1.0,76.65,0.2777777777777778,1.7777777777777777,21.5,24.0,3.6999999999999997,9.166666666666666,5.0
Auden Tate,5.0,0.0,0.0,0.5714285714285714,1.7142857142857142,0.0,21.0,0.0,5.0,8.8,0.0,0.2857142857142857,33.3,0.0,0.0,0.0,15.0,0.0,0.5714285714285714,8.8
Mike Gesicki,12.625,0.0,0.0625,1.375,2.0,0.0,23.0,0.0,12.625,9.2,0.0,0.5625,68.8,0.0,0.0,0.0,27.0,0.0,1.375,9.2
Kenny Stills,45.16129032258065,0.3870967741935484,0.16129032258064516,3.064516129032258,5.451612903225806,0.0,25.5,0.0,45.16129032258065,14.75,0.3870967741935484,2.032258064516129,56.5,0.0,0.0,0.0,68.0,0.0,3.064516129032258,14.75
JuJu Smith-Schuster,78.53333333333333,0.4666666666666667,0.03333333333333333,5.633333333333334,8.166666666666666,0.03333333333333333,21.5,0.43333333333333335,78.1,14.3,0.4666666666666667,3.466666666666667,70.15,0.0,0.03333333333333333,6.5,97.0,6.5,5.666666666666667,14.3
Mohamed Sanu,51.45161290322581,0.2903225806451613,0.06451612903225806,4.290322580645161,6.129032258064516,0.3548387096774194,28.5,1.7419354838709677,49.70967741935484,11.6,0.2903225806451613,2.6129032258064515,70.0,0.0,0.25806451612903225,14.0,34.5,4.4,4.645161290322581,11.05
Kerryon Johnson,85.4,0.4,0.1,3.2,3.9,11.8,21.0,64.1,21.3,6.7,0.1,1.1,82.1,0.3,3.2,71.0,24.0,5.4,15.0,5.7
Jason Witten,38.53125,0.25,0.0625,4.125,5.6875,0.0,34.5,0.0,38.53125,9.350000000000001,0.25,1.875,72.5,0.0,0.0,0.0,31.5,0.0,4.125,9.350000000000001
Nyheim Hines,46.1875,0.25,0.0625,3.9375,5.0625,5.3125,22.0,19.625,26.5625,6.7,0.125,1.8125,77.8,0.125,1.125,18.0,28.0,3.7,9.25,5.0
Jonnu Smith,14.310344827586206,0.1724137931034483,0.034482758620689655,1.3103448275862069,2.0689655172413794,0.0,22.5,0.0,14.310344827586206,10.8,0.1724137931034483,0.5172413793103449,63.35,0.0,0.0,0.0,46.5,0.0,1.3103448275862069,10.8
Chris Thompson,62.5,0.35,0.2,4.0,5.45,5.35,27.5,23.6,38.9,9.8,0.25,1.7,73.35,0.1,1.0,38.5,48.5,4.35,9.35,6.55
John Ross ,14.4375,0.4375,0.0625,1.3125,3.75,0.3125,23.5,1.3125,13.125,5.0,0.4375,0.8125,18.1,0.0,0.0,9.5,19.5,7.15,1.625,10.4
T.Y. Hilton,74.53333333333333,0.3333333333333333,0.06666666666666667,4.433333333333334,7.633333333333334,0.0,28.5,0.0,74.53333333333333,16.799999999999997,0.3333333333333333,3.3333333333333335,57.8,0.0,0.0,0.0,74.0,0.0,4.433333333333334,16.799999999999997
Allen Lazard,7.0,0.0,0.0,1.0,1.0,0.0,23.0,0.0,7.0,7.0,0.0,0.0,100.0,0.0,0.0,0.0,7.0,0.0,1.0,7.0
Alshon Jeffery,56.275862068965516,0.5172413793103449,0.034482758620689655,4.206896551724138,7.310344827586207,0.0,27.5,0.0,56.275862068965516,13.4,0.5172413793103449,3.4482758620689653,59.1,0.0,0.0,0.0,52.5,0.0,4.206896551724138,13.4
Jaylen Samuels,32.5,0.21428571428571427,0.07142857142857142,1.8571428571428572,2.0714285714285716,4.0,22.0,18.285714285714285,14.214285714285714,7.7,0.21428571428571427,0.7142857142857143,89.7,0.0,0.9285714285714286,25.0,23.0,4.6,5.857142857142857,5.5
Evan Engram ,51.88461538461539,0.34615384615384615,0.0,4.1923076923076925,6.884615384615385,0.15384615384615385,23.5,1.9230769230769231,49.96153846153846,12.05,0.34615384615384615,2.269230769230769,63.0,0.0,0.15384615384615385,14.0,44.5,13.0,4.346153846153846,12.05
Jalen Richard,43.65625,0.09375,0.34375,2.96875,3.65625,3.46875,24.5,16.6875,26.96875,9.2,0.03125,1.125,79.5,0.0625,0.65625,41.0,35.5,4.800000000000001,6.4375,6.7
Kareem Hunt,110.51851851851852,0.9259259259259259,0.037037037037037035,2.925925925925926,3.6296296296296298,16.77777777777778,22.5,79.66666666666667,30.85185185185185,11.55,0.37037037037037035,1.2222222222222223,79.19999999999999,0.5555555555555556,4.037037037037037,57.0,72.5,4.75,19.703703703703702,5.65
Marquez Valdes-Scantling,38.125,0.125,0.0,2.375,4.5625,0.125,24.0,1.8125,36.3125,15.3,0.125,1.4375,52.1,0.0,0.125,21.0,60.0,14.5,2.5,15.3
O.J. Howard ,41.541666666666664,0.4583333333333333,0.125,2.5,3.625,0.0,23.5,0.0,41.541666666666664,16.6,0.4583333333333333,2.0,68.75,0.0,0.0,0.0,66.5,0.0,2.5,16.6
Russell Gage,4.2,0.0,0.0,0.4,0.6666666666666666,0.0,22.0,0.0,4.2,10.5,0.0,0.13333333333333333,60.0,0.0,0.0,0.0,22.0,0.0,0.4,10.5
Rashaad Penny,35.285714285714285,0.14285714285714285,0.0,0.6428571428571429,0.8571428571428571,6.071428571428571,22.0,29.928571428571427,5.357142857142857,8.3,0.0,0.21428571428571427,75.0,0.14285714285714285,1.4285714285714286,38.0,24.0,4.9,6.714285714285714,5.3
Demarcus Robinson,15.625,0.125,0.0,1.34375,2.25,0.0,23.5,0.0,15.625,11.6,0.125,0.78125,60.25,0.0,0.0,0.0,61.0,0.0,1.34375,11.6
Boston Scott,0.0,0.0,0.0,0.0,0.0,0.0,23.0,0.0,0.0,0.0,0.0,0.0,0.0,0.0,0.0,0.0,0.0,0.0,0.0,0.0
Jack Doyle,44.523809523809526,0.2857142857142857,0.14285714285714285,5.0476190476190474,6.714285714285714,0.0,27.5,0.0,44.523809523809526,9.0,0.2857142857142857,2.380952380952381,76.44999999999999,0.0,0.0,0.0,23.0,0.0,5.0476190476190474,9.0
Jimmy Graham,36.125,0.375,0.0,3.5,5.78125,0.0,31.5,0.0,36.125,10.35,0.375,2.0625,60.599999999999994,0.0,0.0,0.0,43.5,0.0,3.5,10.35
Ted Ginn Jr.,53.05,0.3,0.15,3.5,5.0,0.65,32.5,3.25,49.8,13.55,0.3,2.3,66.2,0.0,0.2,17.5,48.0,6.3,4.15,12.45
J.D. McKissic,25.61111111111111,0.16666666666666666,0.0,1.8888888888888888,2.611111111111111,2.7222222222222223,24.5,10.833333333333334,14.777777777777779,3.9,0.1111111111111111,0.8333333333333334,36.95,0.05555555555555555,0.3888888888888889,18.0,13.5,3.4,4.611111111111111,4.2
Tyler Eifert,37.5,0.16666666666666666,0.0,3.1666666666666665,4.0,0.0,27.5,0.0,37.5,11.7,0.16666666666666666,2.0,79.45,0.0,0.0,0.0,25.5,0.0,3.1666666666666665,11.7
Demaryius Thomas,52.45161290322581,0.3225806451612903,0.03225806451612903,4.580645161290323,7.387096774193548,0.0,30.5,0.0,52.45161290322581,11.45,0.3225806451612903,2.870967741935484,62.8,0.0,0.0,0.0,42.5,0.0,4.580645161290323,11.45
Adam Thielen,84.0625,0.40625,0.125,6.375,9.21875,0.1875,27.5,1.28125,82.78125,13.1,0.40625,4.15625,69.0,0.0,0.0625,13.0,66.5,8.5,6.5625,12.95
Jordan Akins,14.0625,0.0,0.0,1.0625,1.5625,0.0,26.0,0.0,14.0625,13.2,0.0,0.75,68.0,0.0,0.0,0.0,28.0,0.0,1.0625,13.2
Phillip Dorsett,16.774193548387096,0.0967741935483871,0.0,1.4193548387096775,1.935483870967742,0.16129032258064516,24.5,1.1612903225806452,15.612903225806452,12.649999999999999,0.0967741935483871,0.8709677419354839,71.45,0.0,0.06451612903225806,12.0,29.5,7.15,1.5806451612903225,12.2
Allen Hurns,29.96153846153846,0.15384615384615385,0.038461538461538464,2.269230769230769,3.5,0.0,26.5,0.0,29.96153846153846,13.600000000000001,0.15384615384615385,1.5384615384615385,63.349999999999994,0.0,0.0,0.0,49.5,0.0,2.269230769230769,13.600000000000001
Chase Edmonds,19.4375,0.125,0.0625,1.25,1.4375,3.75,22.0,13.0,6.4375,5.2,0.0,0.3125,87.0,0.125,0.875,29.0,13.0,3.5,5.0,3.9
Gerald Everett,18.53125,0.15625,0.03125,1.53125,2.5625,0.09375,23.5,0.90625,17.625,12.5,0.15625,0.75,58.0,0.0,0.0625,12.5,54.5,10.5,1.625,12.35
Giovani Bernard,45.57142857142857,0.25,0.0,2.7857142857142856,3.857142857142857,5.75,26.5,23.892857142857142,21.678571428571427,7.6,0.07142857142857142,0.8928571428571429,72.30000000000001,0.17857142857142858,1.25,24.0,43.5,4.1,8.535714285714286,5.2
Albert Wilson,48.35,0.35,0.0,3.4,4.85,0.55,25.5,1.1,47.25,14.1,0.35,2.15,71.0,0.0,0.15,5.5,69.0,2.0,3.95,12.2
Brian Hill,14.058823529411764,0.0,0.058823529411764705,0.17647058823529413,0.23529411764705882,1.8235294117647058,22.5,11.411764705882353,2.6470588235294117,13.5,0.0,0.0,75.0,0.0,0.29411764705882354,35.5,21.5,5.65,2.0,6.75
Taysom Hill,9.523809523809524,0.09523809523809523,0.047619047619047616,0.14285714285714285,0.3333333333333333,1.7619047619047619,27.5,9.333333333333334,0.19047619047619047,0.65,0.0,0.047619047619047616,21.45,0.09523809523809523,0.7619047619047619,17.5,2.5,2.65,1.9047619047619047,2.5
Eric Ebron,41.125,0.5625,0.0625,3.71875,6.125,0.09375,24.5,-0.25,41.375,11.100000000000001,0.53125,2.34375,60.8,0.03125,0.03125,1.0,48.5,-1.35,3.8125,10.8
Adam Humphries,45.75,0.1875,0.09375,4.28125,5.875,0.09375,24.5,0.53125,45.21875,10.5,0.1875,2.625,72.95,0.0,0.03125,6.5,47.0,5.75,4.375,10.45
Taylor Gabriel,36.75,0.09375,0.03125,3.125,4.5,0.53125,26.5,3.4375,33.3125,10.9,0.09375,1.59375,68.35,0.0,0.25,17.5,47.0,6.449999999999999,3.65625,10.15
Dion Lewis,63.34375,0.34375,0.03125,2.84375,3.1875,10.46875,27.5,44.15625,19.1875,6.75,0.125,0.75,89.75,0.21875,2.21875,40.0,28.5,4.15,13.3125,4.75
Nelson Agholor,48.21875,0.375,0.03125,3.9375,6.0,0.125,24.5,1.21875,47.0,11.95,0.375,2.0625,65.65,0.0,0.125,11.5,77.5,8.85,4.0625,11.9
Keelan Cole,38.71875,0.125,0.125,2.5,4.78125,0.0,24.5,0.0,38.71875,15.350000000000001,0.125,1.78125,52.45,0.0,0.0,0.0,55.0,0.0,2.5,15.350000000000001
Kyle Rudolph ,36.4375,0.375,0.0,3.78125,5.09375,0.0,28.5,0.0,36.4375,9.600000000000001,0.375,2.0,74.2,0.0,0.0,0.0,39.0,0.0,3.78125,9.600000000000001
Blake Jarwin,18.058823529411764,0.17647058823529413,0.0,1.588235294117647,2.1176470588235294,0.0,23.5,0.0,18.058823529411764,5.7,0.17647058823529413,1.1176470588235294,37.5,0.0,0.0,0.0,19.5,0.0,1.588235294117647,5.7
Damiere Byrd ,7.8125,0.125,0.0,0.6875,1.1875,0.0625,24.5,0.75,7.0625,9.25,0.125,0.375,54.4,0.0,0.0625,6.0,19.5,6.0,0.75,9.3
Kendrick Bourne,27.555555555555557,0.14814814814814814,0.037037037037037035,2.1481481481481484,3.7037037037037037,0.0,22.5,0.0,27.555555555555557,13.850000000000001,0.14814814814814814,1.5555555555555556,55.35,0.0,0.0,0.0,43.5,0.0,2.1481481481481484,13.850000000000001
Jordan Wilkins,26.3125,0.0625,0.125,1.0,1.0625,3.75,24.0,21.0,5.3125,5.3,0.0,0.125,94.1,0.0625,0.9375,53.0,17.0,5.6,4.75,5.5
Jacob Hollister,4.304347826086956,0.0,0.0,0.34782608695652173,0.6956521739130435,0.043478260869565216,24.5,0.21739130434782608,4.086956521739131,11.75,0.0,0.17391304347826086,58.2,0.0,0.0,2.5,21.0,2.5,0.391304347826087,11.2
Hayden Hurst,13.583333333333334,0.08333333333333333,0.0,1.0833333333333333,1.9166666666666667,0.08333333333333333,25.0,0.0,13.583333333333334,12.5,0.08333333333333333,0.6666666666666666,56.5,0.0,0.0,0.0,32.0,0.0,1.1666666666666667,11.6
Josh Reynolds,16.0625,0.1875,0.0,1.25,2.40625,0.0625,22.5,0.25,15.8125,11.7,0.1875,1.15625,50.25,0.0,0.0625,5.0,30.5,2.0,1.3125,11.35
Darren Fells,9.1875,0.1875,0.0,0.875,1.1875,0.0,31.5,0.0,9.1875,10.5,0.1875,0.5625,78.55000000000001,0.0,0.0,0.0,36.0,0.0,0.875,10.5
Willie Snead ,37.96153846153846,0.15384615384615385,0.11538461538461539,3.076923076923077,4.615384615384615,0.0,24.5,0.0,37.96153846153846,11.95,0.15384615384615385,2.1153846153846154,59.6,0.0,0.0,0.0,37.5,0.0,3.076923076923077,11.95
Tajae Sharpe,26.71875,0.125,0.0,2.09375,4.0625,0.0625,23.0,0.53125,26.1875,12.45,0.125,1.53125,52.349999999999994,0.0,0.03125,8.5,31.0,8.5,2.15625,12.4
David Moore,26.470588235294116,0.29411764705882354,0.11764705882352941,1.5294117647058822,3.1176470588235294,0.058823529411764705,22.5,0.29411764705882354,26.176470588235293,8.55,0.29411764705882354,1.1176470588235294,24.55,0.0,0.0,2.5,27.0,2.5,1.588235294117647,8.35
Nick Boyle,13.419354838709678,0.0,0.0,1.6451612903225807,2.3870967741935485,0.0,24.5,0.0,13.419354838709678,8.3,0.0,0.6774193548387096,68.95,0.0,0.0,0.0,20.5,0.0,1.6451612903225807,8.3
Ryan Griffin,22.047619047619047,0.047619047619047616,0.0,1.7619047619047619,3.2857142857142856,0.0,27.5,0.0,22.047619047619047,12.45,0.047619047619047616,1.0952380952380953,52.9,0.0,0.0,0.0,41.0,0.0,1.7619047619047619,12.45
Cameron Brate,27.5,0.375,0.0625,2.4375,3.9375,0.0,26.5,0.0,27.5,10.95,0.375,1.625,61.75,0.0,0.0,0.0,28.0,0.0,2.4375,10.95
Darrel Williams,11.833333333333334,0.16666666666666666,0.0,0.5,0.5,2.1666666666666665,23.0,7.333333333333333,4.5,9.0,0.16666666666666666,0.16666666666666666,100.0,0.0,0.6666666666666666,8.0,11.0,3.4,2.6666666666666665,4.4
Isaiah McKenzie,14.631578947368421,0.10526315789473684,0.42105263157894735,1.1578947368421053,2.263157894736842,0.5789473684210527,22.5,3.6842105263157894,10.947368421052632,8.6,0.0,0.631578947368421,45.4,0.10526315789473684,0.21052631578947367,9.5,18.5,5.3,1.736842105263158,7.7
Dare Ogunbowale,0.0,0.0,0.0,0.0,0.0,0.0,23.0,0.0,0.0,0.0,0.0,0.0,0.0,0.0,0.0,0.0,0.0,0.0,0.0,0.0
Cody Latimer,28.058823529411764,0.17647058823529413,0.058823529411764705,1.7647058823529411,2.764705882352941,0.0,25.5,0.0,28.058823529411764,16.2,0.17647058823529413,1.2352941176470589,65.05,0.0,0.0,0.0,35.5,0.0,1.7647058823529411,16.2
DaeSean Hamilton,17.357142857142858,0.14285714285714285,0.0,2.142857142857143,3.2142857142857144,0.0,23.0,0.0,17.357142857142858,8.1,0.14285714285714285,1.1428571428571428,66.7,0.0,0.0,0.0,24.0,0.0,2.142857142857143,8.1
Geronimo Allison,27.8,0.1,0.15,2.15,3.45,0.0,23.5,0.0,27.8,13.1,0.1,1.05,62.85,0.0,0.0,0.0,68.0,0.0,2.15,13.1
Jonathan Williams,6.785714285714286,0.07142857142857142,0.14285714285714285,0.14285714285714285,0.21428571428571427,2.142857142857143,23.0,6.714285714285714,0.07142857142857142,0.5,0.0,0.0,75.0,0.07142857142857142,0.42857142857142855,10.5,0.5,1.75,2.2857142857142856,1.8499999999999999
Mike Boone,6.0,0.0,0.0,0.25,0.375,1.375,23.0,5.875,0.125,0.5,0.0,0.0,66.7,0.0,0.25,20.0,1.0,4.3,1.625,3.7
Mark Walton,5.357142857142857,0.0,0.0,0.35714285714285715,0.5714285714285714,1.0,21.0,2.4285714285714284,2.9285714285714284,8.2,0.0,0.07142857142857142,62.5,0.0,0.35714285714285715,10.0,24.0,2.4,1.3571428571428572,3.9
Jarius Wright,21.375,0.09375,0.09375,1.90625,2.625,0.0625,28.5,1.21875,20.15625,10.7,0.09375,1.15625,72.45,0.0,0.03125,17.0,31.5,9.75,1.96875,10.9
Marcus Johnson,9.666666666666666,0.06666666666666667,0.06666666666666667,0.7333333333333333,1.0666666666666667,0.06666666666666667,23.5,-0.13333333333333333,9.8,13.0,0.06666666666666667,0.5333333333333333,68.75,0.0,0.0,-1.0,25.0,-1.0,0.8,11.65
Vyncint Smith,13.0,0.14285714285714285,0.0,0.7142857142857143,1.4285714285714286,0.0,22.0,0.0,13.0,18.2,0.14285714285714285,0.42857142857142855,50.0,0.0,0.0,0.0,35.0,0.0,0.7142857142857143,18.2
Vance McDonald,31.92,0.2,0.08,2.56,3.84,0.0,27.5,0.0,31.92,12.8,0.2,1.68,63.85,0.0,0.0,0.0,51.5,0.0,2.56,12.8
Malcolm Brown ,5.882352941176471,0.0,0.058823529411764705,0.23529411764705882,0.23529411764705882,1.2941176470588236,22.5,3.2941176470588234,2.588235294117647,6.65,0.0,0.17647058823529413,100.0,0.0,0.11764705882352941,11.5,12.0,3.25,1.5294117647058822,3.5
Seth Roberts ,31.8,0.1,0.06666666666666667,2.933333333333333,4.3,0.1,26.5,0.16666666666666666,31.633333333333333,10.8,0.1,1.5666666666666667,68.25,0.0,0.03333333333333333,5.5,36.5,0.85,3.033333333333333,10.5
Will Dissly,39.0,0.5,0.0,2.0,3.5,0.0,22.0,0.0,39.0,19.5,0.5,1.25,57.1,0.0,0.0,0.0,66.0,0.0,2.0,19.5
Keke Coutee,47.833333333333336,0.16666666666666666,0.0,4.666666666666667,6.833333333333333,0.5,21.0,0.0,47.833333333333336,10.3,0.16666666666666666,3.1666666666666665,68.3,0.0,0.0,3.0,40.0,0.0,5.166666666666667,9.3
Marvin Hall,8.708333333333334,0.08333333333333333,0.0,0.5,1.1666666666666667,0.08333333333333333,24.5,0.0,8.708333333333334,22.45,0.08333333333333333,0.2916666666666667,37.4,0.0,0.0,1.5,43.5,0.0,0.5833333333333334,21.2
Bilal Powell,63.40909090909091,0.2727272727272727,0.13636363636363635,1.5454545454545454,2.3181818181818183,11.727272727272727,29.5,50.68181818181818,12.727272727272727,8.7,0.045454545454545456,0.5454545454545454,65.4,0.22727272727272727,2.1818181818181817,56.5,29.5,4.3,13.272727272727273,4.85
Isaiah Ford,0.0,0.0,0.0,0.0,1.0,0.0,22.0,0.0,0.0,0.0,0.0,0.0,0.0,0.0,0.0,0.0,0.0,0.0,0.0,0.0
Kyle Juszczyk,23.333333333333332,0.06666666666666667,0.13333333333333333,2.1,2.7666666666666666,0.5,26.5,2.033333333333333,21.3,10.15,0.06666666666666667,0.9333333333333333,75.9,0.0,0.2,12.0,50.0,4.1,2.6,9.0
Paul Richardson ,42.34782608695652,0.34782608695652173,0.0,2.782608695652174,5.0,0.08695652173913043,25.5,0.391304347826087,41.95652173913044,14.55,0.34782608695652173,2.0,56.05,0.0,0.0,3.5,53.5,2.25,2.869565217391304,14.15
Malik Turner,3.3333333333333335,0.0,0.0,0.3333333333333333,0.5,0.0,22.0,0.0,3.3333333333333335,10.0,0.0,0.16666666666666666,66.7,0.0,0.0,0.0,19.0,0.0,0.3333333333333333,10.0
C.J. Uzomah,17.7,0.13333333333333333,0.0,1.7666666666666666,2.6333333333333333,0.0,24.5,0.0,17.7,9.7,0.13333333333333333,0.9333333333333333,66.95,0.0,0.0,0.0,25.0,0.0,1.7666666666666666,9.7
Jeremy Sprinkle,2.0,0.07407407407407407,0.0,0.25925925925925924,0.4444444444444444,0.0,23.5,0.0,2.0,7.35,0.07407407407407407,0.14814814814814814,61.150000000000006,0.0,0.0,0.0,11.0,0.0,0.25925925925925924,7.35
Charles Clay,28.53846153846154,0.07692307692307693,0.07692307692307693,2.6923076923076925,4.230769230769231,0.0,28.5,0.0,28.53846153846154,10.100000000000001,0.07692307692307693,1.5384615384615385,62.25,0.0,0.0,0.0,32.5,0.0,2.6923076923076925,10.100000000000001
Tre'Quan Smith,28.466666666666665,0.3333333333333333,0.0,1.8666666666666667,2.933333333333333,0.0,22.0,0.0,28.466666666666665,15.3,0.3333333333333333,1.6666666666666667,63.6,0.0,0.0,0.0,62.0,0.0,1.8666666666666667,15.3
Ricky Seals-Jones,21.76,0.16,0.0,1.84,3.88,0.0,22.5,0.0,21.76,13.45,0.16,0.96,46.099999999999994,0.0,0.0,0.0,34.5,0.0,1.84,13.45
Josh Hill,9.4375,0.0625,0.0625,1.0,1.4375,0.03125,27.5,-0.25,9.6875,9.7,0.0625,0.5625,69.7,0.0,0.0,-4.0,22.5,-4.0,1.03125,9.25
Tavon Austin,31.774193548387096,0.16129032258064516,0.3225806451612903,2.2903225806451615,4.129032258064516,2.806451612903226,26.5,13.838709677419354,17.93548387096774,6.2,0.0967741935483871,0.8709677419354839,56.900000000000006,0.06451612903225806,0.6129032258064516,28.5,28.0,5.15,5.096774193548387,6.1
Justin Jackson,26.23076923076923,0.15384615384615385,0.0,1.1538461538461537,1.4615384615384615,3.8461538461538463,23.0,15.846153846153847,10.384615384615385,9.0,0.0,0.46153846153846156,78.9,0.15384615384615385,1.0,20.0,19.0,4.1,5.0,5.2
Jaron Brown,20.09375,0.28125,0.0,1.40625,2.75,0.0,27.5,0.0,20.09375,13.65,0.28125,1.0,59.3,0.0,0.0,0.0,48.5,0.0,1.40625,13.65
Zay Jones ,31.225806451612904,0.2903225806451613,0.03225806451612903,2.6774193548387095,5.67741935483871,0.03225806451612903,22.5,0.0,31.225806451612904,11.649999999999999,0.2903225806451613,1.6774193548387097,45.7,0.0,0.0,0.0,45.0,0.0,2.7096774193548385,11.55
Jake Kumerow,20.6,0.2,0.0,1.6,2.2,0.0,26.0,0.0,20.6,12.9,0.2,0.8,72.7,0.0,0.0,0.0,49.0,0.0,1.6,12.9
Tim Patrick,20.75,0.0625,0.125,1.4375,2.5625,0.1875,25.0,1.0625,19.6875,13.7,0.0625,0.9375,56.1,0.0,0.125,13.0,26.0,5.7,1.625,12.8
Delanie Walker,50.411764705882355,0.23529411764705882,0.11764705882352941,4.588235294117647,6.9411764705882355,0.11764705882352941,33.5,-0.11764705882352941,50.529411764705884,11.95,0.17647058823529413,2.764705882352941,61.900000000000006,0.058823529411764705,0.058823529411764705,0.5,29.0,-0.5,4.705882352941177,11.8
Bennie Fowler,21.115384615384617,0.15384615384615385,0.07692307692307693,1.7307692307692308,3.1923076923076925,0.0,26.5,0.0,21.115384615384617,12.25,0.15384615384615385,1.1153846153846154,55.55,0.0,0.0,0.0,27.5,0.0,1.7307692307692308,12.25
Wayne Gallman,33.357142857142854,0.07142857142857142,0.17857142857142858,1.7142857142857142,2.5,5.785714285714286,23.5,23.285714285714285,10.071428571428571,6.050000000000001,0.03571428571428571,0.4642857142857143,67.2,0.03571428571428571,1.1071428571428572,16.5,16.0,3.9,7.5,4.35
Anthony Firkser,18.75,0.08333333333333333,0.0,1.5833333333333333,1.6666666666666667,0.0,23.0,0.0,18.75,11.8,0.08333333333333333,0.9166666666666666,95.0,0.0,0.0,0.0,28.0,0.0,1.5833333333333333,11.8
Ameer Abdullah,30.958333333333332,0.20833333333333334,0.125,1.1666666666666667,1.625,6.916666666666667,24.5,23.041666666666668,7.916666666666667,7.9,0.041666666666666664,0.5833333333333334,73.2,0.16666666666666666,1.0833333333333333,17.5,17.0,2.15,8.083333333333334,5.55
Maxx Williams,10.125,0.08333333333333333,0.041666666666666664,1.2916666666666667,1.4583333333333333,0.20833333333333334,23.5,0.5833333333333334,9.541666666666666,7.300000000000001,0.08333333333333333,0.5833333333333334,88.69999999999999,0.0,0.16666666666666666,5.5,21.0,2.85,1.5,6.65
Marquise Goodwin,52.22222222222222,0.2222222222222222,0.037037037037037035,2.925925925925926,5.481481481481482,0.2962962962962963,27.5,1.962962962962963,50.25925925925926,17.2,0.2222222222222222,2.4074074074074074,53.4,0.0,0.1111111111111111,11.5,75.0,6.65,3.2222222222222223,15.9
Damion Ratley,11.076923076923077,0.0,0.0,1.0,1.5384615384615385,0.0,23.0,0.0,11.076923076923077,11.1,0.0,0.38461538461538464,65.0,0.0,0.0,0.0,27.0,0.0,1.0,11.1
Kalen Ballage,20.583333333333332,0.08333333333333333,0.08333333333333333,0.75,0.9166666666666666,3.0,23.0,15.916666666666666,4.666666666666667,6.2,0.0,0.16666666666666666,81.8,0.08333333333333333,0.8333333333333334,75.0,31.0,5.3,3.75,5.5
Trey Quinn,25.0,0.3333333333333333,0.0,3.0,3.3333333333333335,0.3333333333333333,23.0,0.0,25.0,8.3,0.3333333333333333,1.6666666666666667,90.0,0.0,0.0,0.0,15.0,0.0,3.3333333333333335,7.5
Chester Rogers,28.62962962962963,0.1111111111111111,0.037037037037037035,2.814814814814815,4.037037037037037,0.14814814814814814,23.5,0.14814814814814814,28.48148148148148,10.75,0.1111111111111111,1.8148148148148149,67.9,0.0,0.0,1.5,47.5,-0.6499999999999999,2.962962962962963,10.05
Justin Hardy ,11.0625,0.15625,0.0625,1.0625,1.59375,0.0,26.5,0.0,11.0625,10.3,0.15625,0.65625,66.3,0.0,0.0,0.0,23.0,0.0,1.0625,10.3
Ty Montgomery,41.38095238095238,0.23809523809523808,0.09523809523809523,2.2857142857142856,3.380952380952381,5.333333333333333,24.5,21.952380952380953,19.428571428571427,8.45,0.047619047619047616,0.7142857142857143,68.35,0.19047619047619047,1.0952380952380953,26.5,33.0,4.199999999999999,7.619047619047619,5.550000000000001
Ito Smith,33.357142857142854,0.2857142857142857,0.07142857142857142,1.9285714285714286,2.2857142857142856,6.428571428571429,23.0,22.5,10.857142857142858,5.6,0.0,0.6428571428571429,84.4,0.2857142857142857,1.2857142857142858,18.0,20.0,3.5,8.357142857142858,4.0
T.J. Yeldon,57.416666666666664,0.2916666666666667,0.125,3.5416666666666665,4.958333333333333,6.375,24.5,27.791666666666668,29.625,8.2,0.16666666666666666,1.4166666666666667,71.85,0.125,0.9583333333333334,39.0,28.5,4.6,9.916666666666666,5.85
Cordarrelle Patterson+,29.193548387096776,0.1935483870967742,0.12903225806451613,1.6774193548387097,2.2580645161290325,1.7741935483870968,26.5,11.258064516129032,17.93548387096774,10.9,0.0967741935483871,0.8387096774193549,74.4,0.0967741935483871,0.5806451612903226,37.0,57.0,7.3500000000000005,3.4516129032258065,8.65
Javon Wims,8.0,0.0,0.0,1.0,1.25,0.0,24.0,0.0,8.0,8.0,0.0,0.5,80.0,0.0,0.0,0.0,16.0,0.0,1.0,8.0
Laquon Treadwell,16.193548387096776,0.03225806451612903,0.03225806451612903,1.7741935483870968,2.838709677419355,0.0,22.5,0.0,16.193548387096776,9.3,0.03225806451612903,0.9032258064516129,61.55,0.0,0.0,0.0,23.5,0.0,1.7741935483870968,9.3
Dontrelle Inman,30.80952380952381,0.19047619047619047,0.0,2.5238095238095237,3.9523809523809526,0.0,28.5,0.0,30.80952380952381,12.3,0.19047619047619047,1.0952380952380953,64.3,0.0,0.0,0.0,27.5,0.0,2.5238095238095237,12.3
Brandon Bolden,5.5625,0.09375,0.03125,0.125,0.21875,0.65625,27.5,4.9375,0.625,5.65,0.03125,0.0625,62.5,0.0625,0.21875,37.0,8.0,8.3,0.78125,7.4
Logan Thomas,6.0,0.041666666666666664,0.0,0.7916666666666666,1.0833333333333333,0.0,26.5,0.0,6.0,8.0,0.041666666666666664,0.20833333333333334,74.19999999999999,0.0,0.0,0.0,23.0,0.0,0.7916666666666666,8.0
Ben Watson,28.8125,0.1875,0.03125,3.0,3.90625,0.0,37.5,0.0,28.8125,10.0,0.1875,1.625,76.65,0.0,0.0,0.0,32.5,0.0,3.0,10.0
Rhett Ellison,16.9,0.1,0.0,1.6333333333333333,2.2,0.0,29.5,0.0,16.9,10.350000000000001,0.1,0.8666666666666667,74.25,0.0,0.0,0.0,28.0,0.0,1.6333333333333333,10.350000000000001
C.J. Ham,5.612903225806452,0.03225806451612903,0.0,0.5806451612903226,0.7419354838709677,0.41935483870967744,24.5,0.6774193548387096,4.935483870967742,8.7,0.0,0.22580645161290322,80.4,0.03225806451612903,0.1935483870967742,4.0,14.5,1.6,1.0,5.65
Nick Vannett,13.1,0.13333333333333333,0.03333333333333333,1.3666666666666667,1.9333333333333333,0.0,24.5,0.0,13.1,9.8,0.13333333333333333,0.7666666666666667,73.7,0.0,0.0,0.0,26.5,0.0,1.3666666666666667,9.8
DeSean Jackson,58.03846153846154,0.3076923076923077,0.0,3.5,6.3076923076923075,0.34615384615384615,31.5,2.576923076923077,55.46153846153846,16.15,0.2692307692307692,2.6153846153846154,55.5,0.038461538461538464,0.11538461538461539,18.5,58.0,8.75,3.8461538461538463,15.200000000000001
Justin Watson,0.4166666666666667,0.0,0.0,0.08333333333333333,0.25,0.0,23.0,0.0,0.4166666666666667,5.0,0.0,0.0,33.3,0.0,0.0,0.0,5.0,0.0,0.08333333333333333,5.0
Marcedes Lewis,11.15625,0.15625,0.0,0.84375,1.625,0.0,33.5,0.0,11.15625,13.15,0.15625,0.59375,62.5,0.0,0.0,0.0,33.5,0.0,0.84375,13.15
James O'Shaughnessy,12.1,0.03333333333333333,0.0,1.2666666666666666,2.066666666666667,0.0,25.5,0.0,12.1,9.75,0.03333333333333333,0.6333333333333333,60.75,0.0,0.0,0.0,23.0,0.0,1.2666666666666666,9.75
Demetrius Harris,12.516129032258064,0.12903225806451613,0.0,0.967741935483871,1.935483870967742,0.0,26.5,0.0,12.516129032258064,13.05,0.12903225806451613,0.6774193548387096,49.7,0.0,0.0,0.0,43.0,0.0,0.967741935483871,13.05
C.J. Prosise,12.9,0.0,0.0,0.9,1.4,1.2,23.5,2.0,10.9,10.9,0.0,0.3,77.25,0.0,0.1,2.5,27.0,-0.44999999999999996,2.1,5.65
Wendell Smallwood,36.291666666666664,0.25,0.08333333333333333,1.7083333333333333,2.2083333333333335,5.583333333333333,23.5,22.416666666666668,13.875,8.05,0.08333333333333333,0.7083333333333334,76.1,0.16666666666666666,1.375,20.5,30.0,3.95,7.291666666666667,4.9
Jesse James,24.84375,0.15625,0.0,2.28125,3.1875,0.0,23.5,0.0,24.84375,11.399999999999999,0.15625,1.15625,72.6,0.0,0.0,0.0,41.5,0.0,2.28125,11.399999999999999
Dontrell Hilliard,9.545454545454545,0.0,0.0,0.8181818181818182,0.9090909090909091,0.0,23.0,0.0,9.545454545454545,11.7,0.0,0.36363636363636365,90.0,0.0,0.0,0.0,24.0,0.0,0.8181818181818182,11.7
Seth Devalve,16.17241379310345,0.06896551724137931,0.034482758620689655,1.3103448275862069,2.2413793103448274,0.0,24.5,0.0,16.17241379310345,13.4,0.06896551724137931,0.7241379310344828,64.15,0.0,0.0,0.0,37.5,0.0,1.3103448275862069,13.4
Trey Edmunds,2.4,0.05,0.0,0.0,0.0,0.45,23.5,2.4,0.0,0.0,0.0,0.0,0.0,0.05,0.05,20.5,0.0,2.65,0.45,2.65
Jeff Wilson,60.666666666666664,0.0,0.5,2.0,2.5,11.0,23.0,44.333333333333336,16.333333333333332,8.2,0.0,0.8333333333333334,80.0,0.0,2.1666666666666665,18.0,24.0,4.0,13.0,4.7
Ian Thomas,20.8125,0.125,0.0,2.25,3.0625,0.0,22.0,0.0,20.8125,9.3,0.125,1.25,73.5,0.0,0.0,0.0,31.0,0.0,2.25,9.3
Derek Carrier,3.6818181818181817,0.0,0.0,0.45454545454545453,0.5909090909090909,0.0,26.5,0.0,3.6818181818181817,6.95,0.0,0.18181818181818182,86.35,0.0,0.0,0.0,11.5,0.0,0.45454545454545453,6.95
Matt LaCosse,12.5,0.05,0.0,1.2,1.9,0.0,25.5,0.0,12.5,5.2,0.05,0.55,32.45,0.0,0.0,0.0,22.0,0.0,1.2,5.2
Dan Arnold,15.0,0.1,0.1,1.2,1.9,0.0,23.0,0.0,15.0,12.5,0.1,0.9,63.2,0.0,0.0,0.0,25.0,0.0,1.2,12.5
Mack Hollins,14.125,0.0625,0.0,1.0,1.375,0.0,24.0,0.0,14.125,14.1,0.0625,0.5,72.7,0.0,0.0,0.0,64.0,0.0,1.0,14.1
Vernon Davis ,33.833333333333336,0.16666666666666666,0.06666666666666667,2.2666666666666666,3.5,0.0,33.5,0.0,33.833333333333336,14.899999999999999,0.16666666666666666,1.3,65.85,0.0,0.0,0.0,61.0,0.0,2.2666666666666666,14.899999999999999
Marcell Ateman,22.0,0.14285714285714285,0.0,2.142857142857143,4.428571428571429,0.0,24.0,0.0,22.0,10.3,0.14285714285714285,1.0,48.4,0.0,0.0,0.0,32.0,0.0,2.142857142857143,10.3
Jeff Heuerman,16.92,0.16,0.0,1.6,2.76,0.0,25.5,0.0,16.92,12.45,0.16,0.76,53.75,0.0,0.0,0.0,45.0,0.0,1.6,12.45
Devin Smith,9.642857142857142,0.07142857142857142,0.07142857142857142,0.7142857142857143,2.2142857142857144,0.0,23.5,0.0,9.642857142857142,16.4,0.07142857142857142,0.42857142857142855,32.7,0.0,0.0,0.0,21.0,0.0,0.7142857142857143,16.4
Nick O'Leary,15.11111111111111,0.1111111111111111,0.037037037037037035,1.1111111111111112,1.5555555555555556,0.0,25.5,0.0,15.11111111111111,12.7,0.1111111111111111,0.7407407407407407,74.4,0.0,0.0,0.0,25.5,0.0,1.1111111111111112,12.7
Dante Pettis,38.75,0.4166666666666667,0.16666666666666666,2.25,3.75,0.08333333333333333,23.0,-0.16666666666666666,38.916666666666664,17.3,0.4166666666666667,1.5833333333333333,60.0,0.0,0.0,-2.0,75.0,-2.0,2.3333333333333335,16.6
Brandon Zylstra,1.4375,0.0,0.0,0.0625,0.125,0.0,25.0,0.0,1.4375,23.0,0.0,0.0625,50.0,0.0,0.0,0.0,23.0,0.0,0.0625,23.0
Robert Tonyan,4.8125,0.0625,0.0,0.25,0.375,0.0,24.0,0.0,4.8125,19.3,0.0625,0.1875,66.7,0.0,0.0,0.0,54.0,0.0,0.25,19.3
Danny Vitale ,1.05,0.0,0.0,0.2,0.35,0.0,24.5,0.0,1.05,4.15,0.0,0.1,55.0,0.0,0.0,0.0,6.5,0.0,0.2,4.15
Mo Alie-Cox,14.777777777777779,0.2222222222222222,0.0,0.7777777777777778,1.4444444444444444,0.0,25.0,0.0,14.777777777777779,19.0,0.2222222222222222,0.6666666666666666,53.8,0.0,0.0,0.0,34.0,0.0,0.7777777777777778,19.0
Robert Foster,41.61538461538461,0.23076923076923078,0.0,2.076923076923077,3.3846153846153846,0.0,24.0,0.0,41.61538461538461,20.0,0.23076923076923078,1.5384615384615385,61.4,0.0,0.0,0.0,75.0,0.0,2.076923076923077,20.0
Ross Dwelley,1.2727272727272727,0.0,0.0,0.18181818181818182,0.18181818181818182,0.0,23.0,0.0,1.2727272727272727,7.0,0.0,0.0,100.0,0.0,0.0,0.0,8.0,0.0,0.18181818181818182,7.0
MyCole Pruitt,2.6,0.0,0.0,0.4,0.4,0.0,24.5,0.0,2.6,3.25,0.0,0.0,50.0,0.0,0.0,0.0,3.5,0.0,0.4,3.25
Antonio Callaway,37.0625,0.3125,0.0625,2.6875,4.9375,0.125,21.0,0.4375,36.625,13.6,0.3125,1.6875,54.4,0.0,0.0625,15.0,71.0,3.5,2.8125,13.2
Joshua Perkins ,6.411764705882353,0.058823529411764705,0.0,0.47058823529411764,0.9411764705882353,0.0,24.0,0.0,6.411764705882353,13.7,0.058823529411764705,0.35294117647058826,52.75,0.0,0.0,0.0,28.0,0.0,0.47058823529411764,13.7
Trey Burton,26.419354838709676,0.3548387096774194,0.03225806451612903,2.4838709677419355,3.4516129032258065,0.03225806451612903,26.5,0.06451612903225806,26.35483870967742,10.65,0.3548387096774194,1.3870967741935485,72.65,0.0,0.03225806451612903,1.0,37.0,1.0,2.5161290322580645,10.600000000000001
Trent Sherfield,16.153846153846153,0.07692307692307693,0.0,1.4615384615384615,2.1538461538461537,0.0,22.0,0.0,16.153846153846153,11.1,0.07692307692307693,0.8461538461538461,67.9,0.0,0.0,0.0,21.0,0.0,1.4615384615384615,11.1
Luke Willson,8.0,0.13333333333333333,0.0,0.9333333333333333,1.3666666666666667,0.0,27.5,0.0,8.0,8.45,0.13333333333333333,0.43333333333333335,68.30000000000001,0.0,0.0,0.0,20.0,0.0,0.9333333333333333,8.45
Virgil Green,12.53125,0.0625,0.0,1.03125,1.53125,0.0,29.5,0.0,12.53125,12.35,0.0625,0.5625,67.0,0.0,0.0,0.0,35.0,0.0,1.03125,12.35
KhaDarel Hodge,1.2142857142857142,0.0,0.0,0.14285714285714285,0.21428571428571427,0.0,23.0,0.0,1.2142857142857142,8.5,0.0,0.07142857142857142,66.7,0.0,0.0,0.0,14.0,0.0,0.14285714285714285,8.5
Adam Shaheen,9.210526315789474,0.21052631578947367,0.0,0.8947368421052632,1.0526315789473684,0.0,23.5,0.0,9.210526315789474,10.1,0.21052631578947367,0.5789473684210527,84.5,0.0,0.0,0.0,27.0,0.0,0.8947368421052632,10.1
Spencer Ware,68.07407407407408,0.25925925925925924,0.14814814814814814,1.962962962962963,2.4074074074074074,9.814814814814815,26.0,43.22222222222222,24.85185185185185,12.35,0.07407407407407407,1.0,82.8,0.18518518518518517,2.3703703703703702,40.0,38.5,4.55,11.777777777777779,6.05
Daniel Brown,4.607142857142857,0.0,0.0,0.4642857142857143,0.7142857142857143,0.0,25.5,0.0,4.607142857142857,4.95,0.0,0.32142857142857145,32.5,0.0,0.0,0.0,8.5,0.0,0.4642857142857143,4.95
Tyler Kroft,20.952380952380953,0.3333333333333333,0.0,2.1904761904761907,3.238095238095238,0.0,25.5,0.0,20.952380952380953,9.3,0.3333333333333333,1.2380952380952381,67.2,0.0,0.0,0.0,37.5,0.0,2.1904761904761907,9.3
Chad Beebe,13.0,0.0,0.0,1.3333333333333333,1.3333333333333333,0.0,24.0,0.0,13.0,9.8,0.0,1.0,100.0,0.0,0.0,0.0,18.0,0.0,1.3333333333333333,9.8
Blake Bell,3.739130434782609,0.0,0.0,0.4782608695652174,0.6521739130434783,0.0,26.5,0.0,3.739130434782609,7.35,0.0,0.17391304347826086,73.85,0.0,0.0,0.0,14.0,0.0,0.4782608695652174,7.35
Chris Hogan ,39.52,0.32,0.0,2.76,4.56,0.12,30.5,0.68,38.84,14.05,0.32,1.92,60.6,0.0,0.04,6.5,55.0,2.85,2.88,13.75
Devontae Booker,35.58620689655172,0.06896551724137931,0.10344827586206896,2.3448275862068964,3.0689655172413794,3.896551724137931,25.5,16.620689655172413,18.96551724137931,8.2,0.0,0.7586206896551724,76.7,0.06896551724137931,0.8275862068965517,26.0,29.5,4.6,6.241379310344827,5.85
Tra Carson,0.0,0.0,0.0,0.0,0.0,0.0,26.0,0.0,0.0,0.0,0.0,0.0,0.0,0.0,0.0,0.0,0.0,0.0,0.0,0.0
Rico Gafford,0.0,0.0,0.0,0.0,0.0,0.0,22.0,0.0,0.0,0.0,0.0,0.0,0.0,0.0,0.0,0.0,0.0,0.0,0.0,0.0
Dwayne Washington,11.777777777777779,0.0,0.0,0.1111111111111111,0.1111111111111111,2.611111111111111,23.5,11.0,0.7777777777777778,3.5,0.0,0.05555555555555555,50.0,0.0,0.4444444444444444,17.0,5.0,3.95,2.7222222222222223,4.15
Durham Smythe,3.3333333333333335,0.0,0.0,0.4,0.7333333333333333,0.0,23.0,0.0,3.3333333333333335,8.3,0.0,0.13333333333333333,54.5,0.0,0.0,0.0,21.0,0.0,0.4,8.3
Geoff Swaim,11.125,0.041666666666666664,0.0,1.1666666666666667,1.4166666666666667,0.0,24.5,0.0,11.125,10.9,0.041666666666666664,0.5416666666666666,90.65,0.0,0.0,0.0,30.5,0.0,1.1666666666666667,10.9
Antonio Brown ,97.58620689655173,0.8275862068965517,0.13793103448275862,7.068965517241379,11.413793103448276,0.0,29.5,0.0,97.58620689655173,13.85,0.8275862068965517,4.551724137931035,61.95,0.0,0.0,0.0,67.5,0.0,7.068965517241379,13.85
Clive Walford,5.714285714285714,0.0,0.0,0.6428571428571429,0.9285714285714286,0.0,26.5,0.0,5.714285714285714,4.45,0.0,0.14285714285714285,34.6,0.0,0.0,0.0,13.0,0.0,0.6428571428571429,4.45
Chris Lacy,0.0,0.0,0.0,0.0,1.0,0.0,22.0,0.0,0.0,0.0,0.0,0.0,0.0,0.0,0.0,0.0,0.0,0.0,0.0,0.0
Ben Braunecker ,1.826086956521739,0.0,0.0,0.13043478260869565,0.21739130434782608,0.0,23.5,0.0,1.826086956521739,7.0,0.0,0.08695652173913043,30.0,0.0,0.0,0.0,10.0,0.0,0.13043478260869565,7.0
Tyler Conklin,4.8125,0.0,0.0,0.3125,0.4375,0.0,23.0,0.0,4.8125,15.4,0.0,0.1875,71.4,0.0,0.0,0.0,33.0,0.0,0.3125,15.4
Zach Line ,3.25,0.10714285714285714,0.0,0.25,0.5357142857142857,0.5714285714285714,27.5,2.4642857142857144,0.7857142857142857,3.4,0.10714285714285714,0.10714285714285714,45.0,0.0,0.42857142857142855,9.0,5.0,4.3,0.8214285714285714,3.95
Rashard Higgins,31.714285714285715,0.21428571428571427,0.10714285714285714,2.357142857142857,3.6785714285714284,0.03571428571428571,23.5,0.14285714285714285,31.571428571428573,13.149999999999999,0.21428571428571427,1.4285714285714286,63.8,0.0,0.0,2.0,48.0,2.0,2.392857142857143,13.0
Luke Stocker,6.964285714285714,0.10714285714285714,0.0,0.6785714285714286,0.9285714285714286,0.03571428571428571,29.5,0.0,6.964285714285714,9.25,0.10714285714285714,0.35714285714285715,75.7,0.0,0.0,0.0,21.5,0.0,0.7142857142857143,8.9
Ross Travis,4.333333333333333,0.0,0.047619047619047616,0.47619047619047616,1.0952380952380953,0.0,23.5,0.0,4.333333333333333,7.95,0.0,0.047619047619047616,45.6,0.0,0.0,0.0,13.0,0.0,0.47619047619047616,7.95
Kenjon Barner,8.5,0.045454545454545456,0.18181818181818182,0.2727272727272727,0.4090909090909091,1.5909090909090908,27.5,5.818181818181818,2.6818181818181817,7.1,0.0,0.045454545454545456,81.25,0.045454545454545456,0.2727272727272727,14.5,12.5,3.6500000000000004,1.8636363636363635,4.550000000000001
Lance Kendricks,11.65625,0.0625,0.0,1.15625,1.875,0.0,29.5,0.0,11.65625,10.100000000000001,0.0625,0.53125,63.7,0.0,0.0,0.0,36.5,0.0,1.15625,10.100000000000001
Deon Yelder,0.0,0.0,0.0,0.0,0.0,0.0,23.0,0.0,0.0,0.0,0.0,0.0,0.0,0.0,0.0,0.0,0.0,0.0,0.0,0.0
Mike Davis,52.333333333333336,0.23809523809523808,0.0,2.3333333333333335,2.857142857142857,8.571428571428571,24.5,35.904761904761905,16.428571428571427,7.5,0.047619047619047616,0.7619047619047619,82.15,0.19047619047619047,1.7619047619047619,35.0,20.5,4.05,10.904761904761905,4.75
Taiwan Jones,0.7857142857142857,0.0,0.0,0.07142857142857142,0.2857142857142857,0.0,29.5,0.0,0.7857142857142857,5.5,0.0,0.07142857142857142,25.0,0.0,0.0,0.0,5.5,0.0,0.07142857142857142,5.5
Deontay Burnett,28.6,0.0,0.0,2.0,3.0,0.0,21.0,0.0,28.6,14.3,0.0,1.4,66.7,0.0,0.0,0.0,29.0,0.0,2.0,14.3
Patrick DiMarco,2.4375,0.03125,0.0,0.4375,0.625,0.0625,27.5,-0.0625,2.5,5.7,0.03125,0.125,70.0,0.0,0.0,0.0,13.5,-0.5,0.5,5.15
Elijhaa Penny,7.9,0.06666666666666667,0.0,0.4,0.5,1.2666666666666666,24.5,4.966666666666667,2.933333333333333,7.9,0.0,0.1,77.80000000000001,0.06666666666666667,0.3,11.0,17.0,3.8,1.6666666666666667,4.8
Patrick Ricard,0.46153846153846156,0.07692307692307693,0.0,0.15384615384615385,0.15384615384615385,0.0,23.5,0.0,0.46153846153846156,1.5,0.07692307692307693,0.07692307692307693,50.0,0.0,0.0,0.0,3.0,0.0,0.15384615384615385,1.5
Javorius Allen,38.233333333333334,0.36666666666666664,0.03333333333333333,2.7,3.433333333333333,6.466666666666667,26.5,23.366666666666667,14.866666666666667,5.5,0.13333333333333333,0.9,79.05000000000001,0.23333333333333334,1.6333333333333333,27.0,18.5,3.3,9.166666666666666,4.1
C.J. Anderson,62.03703703703704,0.25925925925925924,0.037037037037037035,1.2222222222222223,1.8148148148148149,11.555555555555555,26.5,52.22222222222222,9.814814814814815,8.1,0.07407407407407407,0.3333333333333333,62.8,0.18518518518518517,3.037037037037037,43.0,24.5,5.05,12.777777777777779,5.35
Andy Janovich,5.125,0.0625,0.0,0.375,0.5,0.25,24.5,0.53125,4.59375,11.4,0.03125,0.21875,73.35,0.03125,0.15625,3.5,24.0,2.25,0.625,8.2
Derek Watt,5.4375,0.0,0.0,0.25,0.25,0.125,24.0,0.25,5.1875,20.8,0.0,0.125,100.0,0.0,0.125,2.0,53.0,2.0,0.375,14.5
David Njoku ,32.0625,0.25,0.0,2.75,4.625,0.03125,21.5,0.03125,32.03125,11.75,0.25,1.375,58.45,0.0,0.0,0.5,50.0,0.5,2.78125,11.55
Geremy Davis ,0.0,0.0,0.0,0.0,0.4,0.0,24.5,0.0,0.0,0.0,0.0,0.0,0.0,0.0,0.0,0.0,0.0,0.0,0.0,0.0
T.J. Jones,20.310344827586206,0.10344827586206896,0.034482758620689655,1.6896551724137931,2.586206896551724,0.0,25.5,0.0,20.310344827586206,11.65,0.10344827586206896,1.103448275862069,67.15,0.0,0.0,0.0,30.0,0.0,1.6896551724137931,11.65
Paul Perkins ,30.16,0.0,0.04,0.92,1.36,6.12,22.5,21.84,8.32,8.3,0.0,0.28,71.25,0.0,1.08,18.0,39.0,3.15,7.04,3.85
Steven Mitchell,0.0,0.0,0.0,0.0,0.0,0.0,24.0,0.0,0.0,0.0,0.0,0.0,0.0,0.0,0.0,0.0,0.0,0.0,0.0,0.0
JJ Nelson,20.3,0.06666666666666667,0.03333333333333333,1.2,2.6666666666666665,0.23333333333333334,25.5,1.2333333333333334,19.066666666666666,13.3,0.06666666666666667,0.8333333333333334,42.15,0.0,0.06666666666666667,12.0,31.5,6.15,1.4333333333333333,11.4
Ty Sambrailo,0.0,0.0,0.0,0.0,0.0,0.0,23.5,0.0,0.0,0.0,0.0,0.0,0.0,0.0,0.0,0.0,0.0,0.0,0.0,0.0
Marshawn Lynch ,71.52380952380952,0.47619047619047616,0.047619047619047616,1.6666666666666667,2.4285714285714284,14.142857142857142,31.5,60.333333333333336,11.19047619047619,6.6,0.0,0.5714285714285714,69.75,0.47619047619047616,3.0952380952380953,51.5,21.5,4.25,15.80952380952381,4.5
Troymaine Pope,12.25,0.0,0.0,0.25,0.5,3.0,23.0,11.0,1.25,5.0,0.0,0.0,50.0,0.0,0.0,18.0,5.0,3.7,3.25,3.8
Jordan Matthews,24.25,0.125,0.041666666666666664,1.875,2.6666666666666665,0.0,25.5,0.0,24.25,13.15,0.125,1.1666666666666667,70.4,0.0,0.0,0.0,51.5,0.0,1.875,13.15
Devin Funchess,46.3,0.4,0.0,3.566666666666667,6.333333333333333,0.0,23.5,0.0,46.3,12.9,0.4,2.5,56.25,0.0,0.0,0.0,35.5,0.0,3.566666666666667,12.9
Anthony Sherman,5.78125,0.0625,0.0,0.4375,0.53125,0.46875,29.5,1.3125,4.46875,9.9,0.03125,0.28125,81.95,0.03125,0.1875,5.5,23.5,2.45,0.90625,7.65
Lee Smith,4.65625,0.09375,0.0,0.5625,0.6875,0.0,30.5,0.0,4.65625,8.4,0.09375,0.28125,81.80000000000001,0.0,0.0,0.0,25.5,0.0,0.5625,8.4
Jay Ajayi,68.61111111111111,0.2777777777777778,0.2222222222222222,1.6111111111111112,2.2222222222222223,14.055555555555555,24.5,58.72222222222222,9.88888888888889,5.3,0.05555555555555555,0.05555555555555555,76.94999999999999,0.2222222222222222,0.6111111111111112,45.5,22.0,4.15,15.666666666666666,4.25
Travis Benjamin,44.56666666666667,0.26666666666666666,0.23333333333333334,2.7,4.566666666666666,0.5,27.5,3.1,41.46666666666667,15.55,0.26666666666666666,1.5333333333333334,58.75,0.0,0.23333333333333334,10.5,58.0,2.95,3.2,13.95
Johnny Holton,12.823529411764707,0.17647058823529413,0.17647058823529413,0.5294117647058824,1.1176470588235294,0.0,26.5,0.0,12.823529411764707,12.1,0.17647058823529413,0.29411764705882354,25.0,0.0,0.0,0.0,32.0,0.0,0.5294117647058824,12.1
Cody Core,5.925925925925926,0.037037037037037035,0.0,0.48148148148148145,1.1851851851851851,0.0,23.5,0.0,5.925925925925926,6.15,0.037037037037037035,0.25925925925925924,23.2,0.0,0.0,0.0,15.0,0.0,0.48148148148148145,6.15
Pharaoh Brown,0.0,0.0,0.0,0.0,0.0,0.0,23.0,0.0,0.0,0.0,0.0,0.0,0.0,0.0,0.0,0.0,0.0,0.0,0.0,0.0
Andre Roberts,3.46875,0.03125,0.21875,0.34375,0.65625,0.0625,29.5,0.625,2.84375,9.95,0.03125,0.15625,41.9,0.0,0.03125,9.0,16.0,5.0,0.40625,10.15
Cam Sims,0.0,0.0,0.0,0.0,0.0,0.0,22.0,0.0,0.0,0.0,0.0,0.0,0.0,0.0,0.0,0.0,0.0,0.0,0.0,0.0
Dalyn Dawkins,0.0,0.0,0.0,0.0,0.0,0.0,24.0,0.0,0.0,0.0,0.0,0.0,0.0,0.0,0.0,0.0,0.0,0.0,0.0,0.0
Johnny Mundt,0.4166666666666667,0.0,0.0,0.08333333333333333,0.08333333333333333,0.0,23.5,0.0,0.4166666666666667,2.5,0.0,0.0,50.0,0.0,0.0,0.0,2.5,0.0,0.08333333333333333,2.5
Russell Shepard,15.148148148148149,0.1111111111111111,0.037037037037037035,1.0,1.8888888888888888,0.07407407407407407,27.5,0.7037037037037037,14.444444444444445,15.350000000000001,0.1111111111111111,0.6296296296296297,52.85,0.0,0.037037037037037035,5.5,44.5,4.75,1.0740740740740742,15.2
Michael Crabtree,40.833333333333336,0.36666666666666664,0.03333333333333333,3.7333333333333334,6.7,0.0,30.5,0.0,40.833333333333336,10.95,0.36666666666666664,2.4,55.7,0.0,0.0,0.0,34.0,0.0,3.7333333333333334,10.95
Chris Moore,15.586206896551724,0.13793103448275862,0.0,1.2758620689655173,2.1724137931034484,0.2413793103448276,24.5,0.27586206896551724,15.310344827586206,12.05,0.13793103448275862,0.6551724137931034,61.7,0.0,0.034482758620689655,2.5,30.0,-0.55,1.5172413793103448,10.45
Eric Saubert,1.6,0.0,0.0,0.16666666666666666,0.3,0.0,23.5,0.0,1.6,4.8,0.0,0.06666666666666667,27.8,0.0,0.0,0.0,8.5,0.0,0.16666666666666666,4.8
Keith Smith,1.53125,0.0,0.0,0.3125,0.34375,0.03125,25.5,0.0,1.53125,4.9,0.0,0.15625,91.65,0.0,0.0,0.0,10.0,0.0,0.34375,4.5
Josh Bellamy,22.612903225806452,0.06451612903225806,0.0,1.3870967741935485,2.7096774193548385,0.16129032258064516,27.5,1.3870967741935485,21.225806451612904,15.25,0.06451612903225806,0.9032258064516129,51.1,0.0,0.06451612903225806,14.0,38.5,7.65,1.5483870967741935,14.600000000000001
Marqise Lee ,53.5,0.2,0.06666666666666667,3.966666666666667,6.7,0.23333333333333334,25.5,1.7333333333333334,51.766666666666666,13.0,0.2,2.8,59.15,0.0,0.1,14.0,48.0,11.4,4.2,12.7
Donte Moncrief,37.82142857142857,0.17857142857142858,0.03571428571428571,2.642857142857143,4.857142857142857,0.0,24.5,0.0,37.82142857142857,14.45,0.17857142857142858,1.7857142857142858,54.599999999999994,0.0,0.0,0.0,70.0,0.0,2.642857142857143,14.45
Alex Armah,0.8,0.08,0.0,0.04,0.04,0.36,23.5,0.6,0.2,2.5,0.0,0.0,50.0,0.08,0.12,2.0,2.5,0.85,0.4,1.0
Robert Davis,0.0,0.0,0.0,0.0,0.0,0.0,22.0,0.0,0.0,0.0,0.0,0.0,0.0,0.0,0.0,0.0,0.0,0.0,0.0,0.0
Darius Jennings,11.0,0.0,0.05,1.25,1.8,0.05,24.5,0.1,10.9,8.8,0.0,0.45,70.0,0.0,0.0,1.0,26.0,1.0,1.3,8.5
Zach Zenner,21.6875,0.25,0.0,0.4375,0.6875,4.3125,26.5,18.1875,3.5,4.0,0.0,0.1875,35.0,0.25,1.0625,21.5,15.0,3.3499999999999996,4.75,3.55
Samaje Perine,39.142857142857146,0.09523809523809523,0.09523809523809523,1.1904761904761905,1.3333333333333333,8.714285714285714,22.5,30.238095238095237,8.904761904761905,5.0,0.047619047619047616,0.42857142857142855,83.35,0.047619047619047616,1.1904761904761905,20.5,16.5,3.7,9.904761904761905,3.7
Ryan Grant,30.233333333333334,0.16666666666666666,0.0,2.6666666666666665,3.9,0.0,27.5,0.0,30.233333333333334,11.1,0.16666666666666666,1.5666666666666667,68.25,0.0,0.0,0.0,31.5,0.0,2.6666666666666665,11.1
Mike Thomas,10.333333333333334,0.0,0.1111111111111111,0.5555555555555556,0.7777777777777778,0.0,23.5,0.0,10.333333333333334,9.3,0.0,0.4444444444444444,35.7,0.0,0.0,0.0,25.0,0.0,0.5555555555555556,9.3
Josh Adams,40.642857142857146,0.21428571428571427,0.07142857142857142,0.5,0.9285714285714286,8.571428571428571,22.0,36.5,4.142857142857143,8.3,0.0,0.21428571428571427,53.8,0.21428571428571427,1.6428571428571428,29.0,13.0,4.3,9.071428571428571,4.5
Sean Culkin,1.7142857142857142,0.0,0.0,0.07142857142857142,0.07142857142857142,0.0,24.5,0.0,1.7142857142857142,12.0,0.0,0.07142857142857142,50.0,0.0,0.0,0.0,12.0,0.0,0.07142857142857142,12.0
Antony Auclair,3.0416666666666665,0.0,0.0,0.375,0.4166666666666667,0.0,24.5,0.0,3.0416666666666665,9.7,0.0,0.125,93.75,0.0,0.0,0.0,13.0,0.0,0.375,9.7
Scott Simonson,0.7142857142857143,0.0,0.0,0.07142857142857142,0.07142857142857142,0.0,23.5,0.0,0.7142857142857143,5.0,0.0,0.07142857142857142,50.0,0.0,0.0,0.0,5.0,0.0,0.07142857142857142,5.0
Buddy Howell ,0.0,0.0,0.0,0.0,0.0,0.0,22.0,0.0,0.0,0.0,0.0,0.0,0.0,0.0,0.0,0.0,0.0,0.0,0.0,0.0
Levine Toilolo,12.419354838709678,0.06451612903225806,0.0,1.064516129032258,1.2258064516129032,0.0,26.5,0.0,12.419354838709678,11.35,0.06451612903225806,0.6451612903225806,86.6,0.0,0.0,0.0,32.0,0.0,1.064516129032258,11.35
Austin Carr,6.466666666666667,0.13333333333333333,0.0,0.6,0.9333333333333333,0.0,24.5,0.0,6.466666666666667,5.4,0.13333333333333333,0.3333333333333333,32.15,0.0,0.0,0.0,12.5,0.0,0.6,5.4
Josh Ferguson,6.8076923076923075,0.0,0.038461538461538464,0.8846153846153846,1.1538461538461537,0.6153846153846154,23.5,0.9615384615384616,5.846153846153846,6.05,0.0,0.19230769230769232,75.95,0.0,0.0,8.0,11.0,3.15,1.5,4.9
John Kelly,25.25,0.0,0.0,0.5,0.75,6.75,22.0,18.5,6.75,13.5,0.0,0.25,66.7,0.0,1.5,7.0,18.0,2.7,7.25,3.5
Ben Koyack,1.6521739130434783,0.0,0.0,0.21739130434782608,0.30434782608695654,0.0,24.5,0.0,1.6521739130434783,3.8,0.0,0.0,35.7,0.0,0.0,0.0,10.5,0.0,0.21739130434782608,3.8
Ricky Ortiz,0.9166666666666666,0.0,0.0,0.25,0.3333333333333333,0.0,24.0,0.0,0.9166666666666666,3.7,0.0,0.0,75.0,0.0,0.0,0.0,7.0,0.0,0.25,3.7
Jordan Thomas,13.4375,0.25,0.0,1.25,1.6875,0.0,22.0,0.0,13.4375,10.8,0.25,0.75,74.1,0.0,0.0,0.0,39.0,0.0,1.25,10.8
Chris Herndon,31.375,0.25,0.125,2.4375,3.5,0.0,22.0,0.0,31.375,12.9,0.25,1.5625,69.6,0.0,0.0,0.0,32.0,0.0,2.4375,12.9
Dalton Schultz,10.545454545454545,0.0,0.0,1.0909090909090908,1.5454545454545454,0.0,22.0,0.0,10.545454545454545,9.7,0.0,0.6363636363636364,70.6,0.0,0.0,0.0,17.0,0.0,1.0909090909090908,9.7
De'Lance Turner,5.25,0.0,0.0,0.5,0.5,0.25,23.0,1.0,4.25,8.5,0.0,0.0,100.0,0.0,0.0,4.0,10.0,4.0,0.75,7.0
Tyrone Swoopes,11.5,0.0,0.0,0.5,0.5,0.0,23.5,0.0,11.5,11.5,0.0,0.5,50.0,0.0,0.0,0.0,11.5,0.0,0.5,11.5
Darrell Daniels,2.1666666666666665,0.0,0.0,0.25,1.0833333333333333,0.0,23.0,0.0,2.1666666666666665,8.7,0.0,0.16666666666666666,23.1,0.0,0.0,0.0,13.0,0.0,0.25,8.7
Krishawn Hogan,0.0,0.0,0.5,0.0,0.0,0.0,22.0,0.0,0.0,0.0,0.0,0.0,0.0,0.0,0.0,0.0,0.0,0.0,0.0,0.0
Alfred Morris ,42.03846153846154,0.11538461538461539,0.07692307692307693,0.5769230769230769,0.8461538461538461,8.692307692307692,29.5,37.5,4.538461538461538,7.75,0.0,0.23076923076923078,69.65,0.11538461538461539,1.8846153846153846,60.5,14.5,4.35,9.26923076923077,4.550000000000001
Roosevelt Nix,1.5,0.0625,0.0,0.1875,0.28125,0.125,25.5,0.125,1.375,6.25,0.03125,0.09375,66.7,0.03125,0.03125,2.5,12.0,2.0,0.3125,4.8
James Develin,3.34375,0.125,0.0,0.5625,0.84375,0.1875,29.5,0.25,3.09375,5.699999999999999,0.0,0.21875,65.3,0.125,0.21875,1.0,10.5,0.65,0.75,5.05
Dion Dawkins,0.21875,0.03125,0.0,0.03125,0.03125,0.0,23.5,0.0,0.21875,3.5,0.03125,0.03125,50.0,0.0,0.0,0.0,3.5,0.0,0.03125,3.5
David Quessenberry ,0.0,0.0,0.0,0.0,0.0,0.0,25.5,0.0,0.0,0.0,0.0,0.0,0.0,0.0,0.0,0.0,0.0,0.0,0.0,0.0
Eric Tomlinson,6.655172413793103,0.034482758620689655,0.0,0.5517241379310345,0.8620689655172413,0.0,25.5,0.0,6.655172413793103,12.05,0.034482758620689655,0.2413793103448276,64.9,0.0,0.0,0.0,29.0,0.0,0.5517241379310345,12.05
